player_id,player_name,match_id,match_date,minutes,nominal_position,starting_position,formation,PC1,PC2
statsbomb:player:10336,Alejandro Grimaldo García,statsbomb:match:3895052,2023-08-19,98.8651,Left Wing Back,Left Wing Back,343,-0.36360133455596305,-1.1154600983079919
statsbomb:player:27133,Odilon Kossonou,statsbomb:match:3895052,2023-08-19,98.8651,Right Center Back,Right Center Back,343,0.582427052023575,-0.8246098498627078
statsbomb:player:28268,Exequiel Alejandro Palacios,statsbomb:match:3895052,2023-08-19,98.8651,Right Defensive Midfield,Right Defensive Midfield,343,0.25380581700561805,-0.4456823225385965
statsbomb:player:30606,Edmond Fayçal Tapsoba,statsbomb:match:3895052,2023-08-19,98.8651,Left Center Back,Left Center Back,343,1.7422353743686056,-0.3159328871578148
statsbomb:player:32289,Victor Okoh Boniface,statsbomb:match:3895052,2023-08-19,91.55658333333334,Center Forward,Center Forward,343,-0.5936377186395674,-0.925725765722804
statsbomb:player:3500,Granit Xhaka,statsbomb:match:3895052,2023-08-19,98.8651,Left Defensive Midfield,Left Defensive Midfield,343,0.6132874525332773,-0.8450823998831704
statsbomb:player:40724,Florian Wirtz,statsbomb:match:3895052,2023-08-19,77.60658333333335,Left Wing,Left Wing,343,-1.6570212497224346,-1.6568273691461766
statsbomb:player:8221,Jonathan Tah,statsbomb:match:3895052,2023-08-19,98.8651,Center Back,Center Back,343,1.5961858382376604,-1.2277757223387478
statsbomb:player:8667,Lukáš Hrádecký,statsbomb:match:3895052,2023-08-19,98.8651,Goalkeeper,Goalkeeper,343,2.572332146898152,-3.385567177507226
statsbomb:player:8804,Jonas Hofmann,statsbomb:match:3895052,2023-08-19,91.32325,Right Wing,Right Wing,343,-2.4778901742826487,0.5676094786203416
statsbomb:player:10336,Alejandro Grimaldo García,statsbomb:match:3895060,2023-08-26,99.82418333333334,Left Wing Back,Left Wing Back,343,-0.29906642055700966,-0.7422150248504643
statsbomb:player:27133,Odilon Kossonou,statsbomb:match:3895060,2023-08-26,87.37336666666667,Right Center Back,Right Center Back,343,0.6231509705961801,-0.6076046251611398
statsbomb:player:28268,Exequiel Alejandro Palacios,statsbomb:match:3895060,2023-08-26,75.62336666666667,Right Defensive Midfield,Right Defensive Midfield,343,1.2281613150004675,0.754881797308609
statsbomb:player:30606,Edmond Fayçal Tapsoba,statsbomb:match:3895060,2023-08-26,99.82418333333334,Left Center Back,Left Center Back,343,2.529607078561643,1.8365407458259706
statsbomb:player:32289,Victor Okoh Boniface,statsbomb:match:3895060,2023-08-26,94.5067,Center Forward,Center Forward,343,-1.88116999101676,-1.5412579472317431
statsbomb:player:32712,Jeremie Frimpong,statsbomb:match:3895060,2023-08-26,75.44003333333333,Right Wing Back,Right Wing Back,343,-2.7103228621310977,0.16468523500005294
statsbomb:player:3500,Granit Xhaka,statsbomb:match:3895060,2023-08-26,99.82418333333334,Left Defensive Midfield,Left Defensive Midfield,343,1.7851067241848435,2.0841125944106977
statsbomb:player:40724,Florian Wirtz,statsbomb:match:3895060,2023-08-26,99.82418333333334,Left Wing,Left Wing,343,-1.6926058247662397,2.81760052853927
statsbomb:player:8221,Jonathan Tah,statsbomb:match:3895060,2023-08-26,99.82418333333334,Center Back,Center Back,343,1.682338924411328,-1.1059786045341122
statsbomb:player:8667,Lukáš Hrádecký,statsbomb:match:3895060,2023-08-26,99.82418333333334,Goalkeeper,Goalkeeper,343,2.2990382651545778,-3.5368777173277337
statsbomb:player:8804,Jonas Hofmann,statsbomb:match:3895060,2023-08-26,87.42336666666667,Right Wing,Right Wing,343,-1.783498178082093,0.5641584069712674
statsbomb:player:27133,Odilon Kossonou,statsbomb:match:3895067,2023-09-02,98.1688,Right Center Back,Right Center Back,343,1.50673681420482,0.9808679120686435
statsbomb:player:28268,Exequiel Alejandro Palacios,statsbomb:match:3895067,2023-09-02,69.9942,Right Defensive Midfield,Right Defensive Midfield,343,-0.3575914703069623,1.7287169270548053
statsbomb:player:30606,Edmond Fayçal Tapsoba,statsbomb:match:3895067,2023-09-02,98.1688,Left Center Back,Left Center Back,343,3.835652422206448,2.963839264271861
statsbomb:player:32289,Victor Okoh Boniface,statsbomb:match:3895067,2023-09-02,98.1688,Center Forward,Center Forward,343,-3.0423327911067037,-1.3403513063710417
statsbomb:player:32712,Jeremie Frimpong,statsbomb:match:3895067,2023-09-02,75.0942,Right Wing Back,Right Wing Back,343,-1.9016630448644627,-0.7982938983799673
statsbomb:player:3500,Granit Xhaka,statsbomb:match:3895067,2023-09-02,83.86086666666667,Left Defensive Midfield,Left Defensive Midfield,343,1.3155133997159731,4.146432799214256
statsbomb:player:40724,Florian Wirtz,statsbomb:match:3895067,2023-09-02,83.51086666666667,Left Wing,Left Wing,343,-0.766393905590447,0.824146814107857
statsbomb:player:8221,Jonathan Tah,statsbomb:match:3895067,2023-09-02,75.1442,Center Back,Center Back,343,2.6237916924389753,0.6853355195703744
statsbomb:player:8667,Lukáš Hrádecký,statsbomb:match:3895067,2023-09-02,98.1688,Goalkeeper,Goalkeeper,343,2.807706966169193,-2.9174982970942582
statsbomb:player:8804,Jonas Hofmann,statsbomb:match:3895067,2023-09-02,98.1688,Right Wing,Right Wing,343,-2.0629431723483553,0.1467137647878777
statsbomb:player:10336,Alejandro Grimaldo García,statsbomb:match:3895074,2023-09-15,100.45738333333333,Left Wing Back,Left Wing Back,343,-0.6965234852198096,1.2835012452585037
statsbomb:player:27133,Odilon Kossonou,statsbomb:match:3895074,2023-09-15,100.45738333333333,Right Center Back,Right Center Back,343,0.20355800751924588,-0.9237640383508338
statsbomb:player:28268,Exequiel Alejandro Palacios,statsbomb:match:3895074,2023-09-15,53.409366666666656,Right Defensive Midfield,,,0.2493797240274604,-0.056170324501564915
statsbomb:player:30606,Edmond Fayçal Tapsoba,statsbomb:match:3895074,2023-09-15,91.36468333333332,Left Center Back,Left Center Back,343,2.108133509589706,-0.5177555760346347
statsbomb:player:32712,Jeremie Frimpong,statsbomb:match:3895074,2023-09-15,83.14801666666666,Right Wing Back,Right Wing Back,343,-1.3053736105723814,-1.598160421134631
statsbomb:player:3500,Granit Xhaka,statsbomb:match:3895074,2023-09-15,100.45738333333333,Left Defensive Midfield,Left Defensive Midfield,343,1.8084437369717392,1.1928835859047635
statsbomb:player:8221,Jonathan Tah,statsbomb:match:3895074,2023-09-15,100.45738333333333,Center Back,Center Back,343,1.2123989572812135,-1.3620879072082386
statsbomb:player:8667,Lukáš Hrádecký,statsbomb:match:3895074,2023-09-15,100.45738333333333,Goalkeeper,Goalkeeper,343,2.085553472704982,-3.1024577892044576
statsbomb:player:8804,Jonas Hofmann,statsbomb:match:3895074,2023-09-15,96.89801666666666,Right Wing,Right Wing,343,-0.7182980041628615,-0.01769030646411508
statsbomb:player:9195,Robert Andrich,statsbomb:match:3895074,2023-09-15,47.04801666666666,Right Defensive Midfield,Right Defensive Midfield,343,0.6690019640775858,-1.3023263745314346
statsbomb:player:10336,Alejandro Grimaldo García,statsbomb:match:3895086,2023-09-24,85.25561666666665,Left Wing Back,Left Wing Back,3421,-0.2950918776898661,1.392516921576009
statsbomb:player:27133,Odilon Kossonou,statsbomb:match:3895086,2023-09-24,97.38773333333333,Right Center Back,Right Center Back,3421,0.6581824905947,3.481115109839938
statsbomb:player:28268,Exequiel Alejandro Palacios,statsbomb:match:3895086,2023-09-24,71.67228333333333,Right Defensive Midfield,Right Defensive Midfield,3421,2.10767811669417,3.2262931259294994
statsbomb:player:30606,Edmond Fayçal Tapsoba,statsbomb:match:3895086,2023-09-24,97.38773333333333,Left Center Back,Left Center Back,3421,2.7993986267767057,2.309092202922856
statsbomb:player:32289,Victor Okoh Boniface,statsbomb:match:3895086,2023-09-24,85.37228333333333,Center Forward,Center Forward,3421,-3.171246761147603,-1.1910344974216558
statsbomb:player:32712,Jeremie Frimpong,statsbomb:match:3895086,2023-09-24,79.65561666666666,Right Wing Back,Right Wing Back,3421,-2.1155657358705278,1.3912070104425822
statsbomb:player:3500,Granit Xhaka,statsbomb:match:3895086,2023-09-24,97.38773333333333,Left Defensive Midfield,Left Defensive Midfield,3421,1.420074930071558,1.7117440788918756
statsbomb:player:40724,Florian Wirtz,statsbomb:match:3895086,2023-09-24,71.62228333333333,Left Attacking Midfield,Left Attacking Midfield,3421,-1.420865885484874,2.3859661699540538
statsbomb:player:8221,Jonathan Tah,statsbomb:match:3895086,2023-09-24,97.38773333333333,Center Back,Center Back,3421,2.2885853268810505,-0.7250528349381357
statsbomb:player:8667,Lukáš Hrádecký,statsbomb:match:3895086,2023-09-24,97.38773333333333,Goalkeeper,Goalkeeper,3421,2.848171368622939,-3.235256136389671
statsbomb:player:8804,Jonas Hofmann,statsbomb:match:3895086,2023-09-24,97.38773333333333,Right Attacking Midfield,Right Attacking Midfield,3421,-1.7465956899981756,-0.6492276550987364
statsbomb:player:10336,Alejandro Grimaldo García,statsbomb:match:3895095,2023-09-30,96.33081666666666,Left Wing Back,Left Wing Back,3421,0.31641678822080754,0.7365925860932908
statsbomb:player:27133,Odilon Kossonou,statsbomb:match:3895095,2023-09-30,96.33081666666666,Right Center Back,Right Center Back,3421,-0.1931258562839103,-1.462619007524135
statsbomb:player:28268,Exequiel Alejandro Palacios,statsbomb:match:3895095,2023-09-30,96.33081666666666,Right Defensive Midfield,Right Defensive Midfield,3421,0.909946383861627,0.05067644217670633
statsbomb:player:30606,Edmond Fayçal Tapsoba,statsbomb:match:3895095,2023-09-30,96.33081666666666,Left Center Back,Left Center Back,3421,2.2301809428766584,-0.2836759904248852
statsbomb:player:32289,Victor Okoh Boniface,statsbomb:match:3895095,2023-09-30,80.18406666666667,Center Forward,Center Forward,3421,-1.29535001559337,-2.1909091819975197
statsbomb:player:32712,Jeremie Frimpong,statsbomb:match:3895095,2023-09-30,87.68406666666667,Right Wing Back,Right Wing Back,3421,-1.6687662679102657,-1.2521643223516001
statsbomb:player:33401,Amine Adli,statsbomb:match:3895095,2023-09-30,31.43008333333334,Right Attacking Midfield,,,-3.163923448555456,-0.23328866134531362
statsbomb:player:3500,Granit Xhaka,statsbomb:match:3895095,2023-09-30,80.70073333333333,Left Defensive Midfield,Left Defensive Midfield,3421,0.6084118249929743,0.18796203667165012
statsbomb:player:40724,Florian Wirtz,statsbomb:match:3895095,2023-09-30,64.90073333333333,Right Attacking Midfield,Right Attacking Midfield,3421,-1.5655728712539176,-0.30063526068581364
statsbomb:player:8221,Jonathan Tah,statsbomb:match:3895095,2023-09-30,96.33081666666666,Center Back,Center Back,3421,1.7580757583047453,-0.4378103614305184
statsbomb:player:8667,Lukáš Hrádecký,statsbomb:match:3895095,2023-09-30,96.33081666666666,Goalkeeper,Goalkeeper,3421,2.6031231243950095,-2.9852673981246105
statsbomb:player:8804,Jonas Hofmann,statsbomb:match:3895095,2023-09-30,87.78406666666666,Left Attacking Midfield,Left Attacking Midfield,3421,-0.6291424382842654,-1.5094738632595532
statsbomb:player:10336,Alejandro Grimaldo García,statsbomb:match:3895107,2023-10-08,97.13826666666667,Left Wing Back,Left Wing Back,3421,-0.7285113939155082,0.8583563454660512
statsbomb:player:27133,Odilon Kossonou,statsbomb:match:3895107,2023-10-08,97.13826666666667,Right Center Back,Right Center Back,3421,0.9943335444651547,0.7258292574144433
statsbomb:player:28268,Exequiel Alejandro Palacios,statsbomb:match:3895107,2023-10-08,97.13826666666667,Right Defensive Midfield,Right Defensive Midfield,3421,0.939595437054786,1.084153364928501
statsbomb:player:30606,Edmond Fayçal Tapsoba,statsbomb:match:3895107,2023-10-08,74.59695,Left Center Back,Left Center Back,3421,3.099369455773578,0.7503134797971345
statsbomb:player:32289,Victor Okoh Boniface,statsbomb:match:3895107,2023-10-08,83.81361666666666,Center Forward,Center Forward,3421,-2.339228232343634,-0.5000073409158795
statsbomb:player:32712,Jeremie Frimpong,statsbomb:match:3895107,2023-10-08,83.84695,Right Wing Back,Right Wing Back,3421,-3.1355965207664673,-0.6024300252450335
statsbomb:player:40724,Florian Wirtz,statsbomb:match:3895107,2023-10-08,74.86361666666667,Left Attacking Midfield,Left Attacking Midfield,3421,-1.5507090637469045,1.1387402966273281
statsbomb:player:8221,Jonathan Tah,statsbomb:match:3895107,2023-10-08,97.13826666666667,Center Back,Center Back,3421,2.5861836476060027,-0.5604238090086844
statsbomb:player:8667,Lukáš Hrádecký,statsbomb:match:3895107,2023-10-08,97.13826666666667,Goalkeeper,Goalkeeper,3421,2.3727980373978093,-3.305178712437316
statsbomb:player:8804,Jonas Hofmann,statsbomb:match:3895107,2023-10-08,91.61361666666667,Right Attacking Midfield,Right Attacking Midfield,3421,-2.7314845315129923,0.37021275051460234
statsbomb:player:10336,Alejandro Grimaldo García,statsbomb:match:3895113,2023-10-21,96.30498333333334,Left Wing Back,Left Wing Back,3421,-0.9978630964360937,-0.6380593287618148
statsbomb:player:28268,Exequiel Alejandro Palacios,statsbomb:match:3895113,2023-10-21,96.30498333333334,Right Defensive Midfield,Right Defensive Midfield,3421,0.8145344226961482,0.18708957394240114
statsbomb:player:30606,Edmond Fayçal Tapsoba,statsbomb:match:3895113,2023-10-21,96.30498333333334,Left Center Back,Left Center Back,3421,2.2930632840548837,0.45476231021867286
statsbomb:player:32289,Victor Okoh Boniface,statsbomb:match:3895113,2023-10-21,96.30498333333334,Center Forward,Center Forward,3421,-0.9926568392048433,-0.6877651987097136
statsbomb:player:32712,Jeremie Frimpong,statsbomb:match:3895113,2023-10-21,89.65715,Right Wing Back,Right Wing Back,3421,-3.184152040652524,-0.11141925259190774
statsbomb:player:33401,Amine Adli,statsbomb:match:3895113,2023-10-21,61.573816666666666,Left Attacking Midfield,Left Attacking Midfield,3421,-2.3366086295376456,0.8396961462562059
statsbomb:player:3500,Granit Xhaka,statsbomb:match:3895113,2023-10-21,96.30498333333334,Left Defensive Midfield,Left Defensive Midfield,3421,1.7759206143632293,0.7944881968104419
statsbomb:player:40724,Florian Wirtz,statsbomb:match:3895113,2023-10-21,34.73116666666667,Left Attacking Midfield,,,-0.4229603159040759,1.9143092188187376
statsbomb:player:49337,Josip Stanišić,statsbomb:match:3895113,2023-10-21,89.92381666666667,Right Center Back,Right Center Back,3421,0.5220410697526399,-0.18735537928119717
statsbomb:player:8221,Jonathan Tah,statsbomb:match:3895113,2023-10-21,96.30498333333334,Center Back,Center Back,3421,1.744330439133531,-1.8439349582886915
statsbomb:player:8667,Lukáš Hrádecký,statsbomb:match:3895113,2023-10-21,96.30498333333334,Goalkeeper,Goalkeeper,3421,3.3548110167658907,-2.277495139973521
statsbomb:player:8804,Jonas Hofmann,statsbomb:match:3895113,2023-10-21,89.40715,Right Attacking Midfield,Right Attacking Midfield,3421,-0.44072985897796524,-0.7240608359366139
statsbomb:player:10336,Alejandro Grimaldo García,statsbomb:match:3895121,2023-10-29,91.14146666666666,Left Wing Back,Left Wing Back,3421,-1.173378147049868,-0.5549566116504888
statsbomb:player:27133,Odilon Kossonou,statsbomb:match:3895121,2023-10-29,96.81746666666666,Right Center Back,Right Center Back,3421,1.5036311963407456,1.2820566334633015
statsbomb:player:28268,Exequiel Alejandro Palacios,statsbomb:match:3895121,2023-10-29,96.81746666666666,Right Defensive Midfield,Right Defensive Midfield,3421,1.2131394989930782,2.0808148107874698
statsbomb:player:30606,Edmond Fayçal Tapsoba,statsbomb:match:3895121,2023-10-29,96.81746666666666,Left Center Back,Left Center Back,3421,2.4896784914453582,1.8085824506897352
statsbomb:player:32289,Victor Okoh Boniface,statsbomb:match:3895121,2023-10-29,91.14146666666666,Center Forward,Center Forward,3421,-1.932701222313332,-0.2060930518271061
statsbomb:player:32712,Jeremie Frimpong,statsbomb:match:3895121,2023-10-29,85.8748,Right Wing Back,Right Wing Back,3421,-2.079308709338417,0.5582161607027023
statsbomb:player:3500,Granit Xhaka,statsbomb:match:3895121,2023-10-29,96.81746666666666,Left Defensive Midfield,Left Defensive Midfield,3421,1.218443315542678,1.217675552131488
statsbomb:player:40724,Florian Wirtz,statsbomb:match:3895121,2023-10-29,91.14146666666666,Left Attacking Midfield,Left Attacking Midfield,3421,-1.59397354632564,1.8825736798452875
statsbomb:player:8221,Jonathan Tah,statsbomb:match:3895121,2023-10-29,96.81746666666666,Center Back,Center Back,3421,2.1004553513865414,0.34192869353279626
statsbomb:player:8667,Lukáš Hrádecký,statsbomb:match:3895121,2023-10-29,96.81746666666666,Goalkeeper,Goalkeeper,3421,2.035155091002154,-3.3592860408219645
statsbomb:player:8804,Jonas Hofmann,statsbomb:match:3895121,2023-10-29,85.89146666666666,Right Attacking Midfield,Right Attacking Midfield,3421,-2.472272623635739,0.4147745500964933
statsbomb:player:10336,Alejandro Grimaldo García,statsbomb:match:3895134,2023-11-04,98.10436666666666,Left Wing Back,Left Wing Back,3421,-1.155680325800278,-0.5600676467579602
statsbomb:player:27133,Odilon Kossonou,statsbomb:match:3895134,2023-11-04,47.604416666666665,Right Center Back,Right Center Back,3421,1.5408514313489514,0.9814725963808059
statsbomb:player:28268,Exequiel Alejandro Palacios,statsbomb:match:3895134,2023-11-04,98.10436666666666,Right Defensive Midfield,Right Defensive Midfield,3421,0.8268260161618901,1.0615100818394982
statsbomb:player:30606,Edmond Fayçal Tapsoba,statsbomb:match:3895134,2023-11-04,98.10436666666666,Left Center Back,Left Center Back,3421,2.3343777698695383,-0.30948394842661553
statsbomb:player:32712,Jeremie Frimpong,statsbomb:match:3895134,2023-11-04,98.10436666666666,Right Wing Back,Right Wing Back,3421,-1.870812981365906,0.2690384237365218
statsbomb:player:3500,Granit Xhaka,statsbomb:match:3895134,2023-11-04,98.10436666666666,Left Defensive Midfield,Left Defensive Midfield,3421,0.585835717510067,0.1966127469257057
statsbomb:player:40724,Florian Wirtz,statsbomb:match:3895134,2023-11-04,92.90441666666666,Left Attacking Midfield,Left Attacking Midfield,3421,-1.9725438287738621,0.09974652796750964
statsbomb:player:49337,Josip Stanišić,statsbomb:match:3895134,2023-11-04,50.49995,Right Center Back,,,0.4667164119296794,0.1902567883953018
statsbomb:player:8221,Jonathan Tah,statsbomb:match:3895134,2023-11-04,98.10436666666666,Center Back,Center Back,3421,1.847607704617846,-1.409497561769417
statsbomb:player:8667,Lukáš Hrádecký,statsbomb:match:3895134,2023-11-04,98.10436666666666,Goalkeeper,Goalkeeper,3421,2.622504295520145,-2.819732893306457
statsbomb:player:8804,Jonas Hofmann,statsbomb:match:3895134,2023-11-04,82.03774999999999,Right Attacking Midfield,Right Attacking Midfield,3421,-1.7606499821311619,-0.527101421884349
statsbomb:player:10336,Alejandro Grimaldo García,statsbomb:match:3895139,2023-11-12,93.98913333333333,Left Wing Back,Left Wing Back,3421,-0.663986837198529,-0.3327175755170376
statsbomb:player:27133,Odilon Kossonou,statsbomb:match:3895139,2023-11-12,93.98913333333333,Right Center Back,Right Center Back,3421,1.0095909072183185,0.4286737897033113
statsbomb:player:28268,Exequiel Alejandro Palacios,statsbomb:match:3895139,2023-11-12,87.93378333333334,Left Defensive Midfield,Left Defensive Midfield,3421,1.941062728329989,1.1912893069971549
statsbomb:player:32289,Victor Okoh Boniface,statsbomb:match:3895139,2023-11-12,87.98378333333334,Center Forward,Center Forward,3421,-1.975034150267102,-1.4899722730763518
statsbomb:player:32712,Jeremie Frimpong,statsbomb:match:3895139,2023-11-12,81.61711666666666,Right Wing Back,Right Wing Back,3421,-2.490471739028445,0.11127007326031393
statsbomb:player:3500,Granit Xhaka,statsbomb:match:3895139,2023-11-12,93.98913333333333,Right Defensive Midfield,Right Defensive Midfield,3421,1.9720863078038289,3.09043434533314
statsbomb:player:38004,Piero Martín Hincapié Reyna,statsbomb:match:3895139,2023-11-12,93.98913333333333,Left Center Back,Left Center Back,3421,2.431582852235669,-0.07740597163667017
statsbomb:player:40724,Florian Wirtz,statsbomb:match:3895139,2023-11-12,87.96711666666667,Left Attacking Midfield,Left Attacking Midfield,3421,-1.0419260124146148,2.933618788491325
statsbomb:player:8221,Jonathan Tah,statsbomb:match:3895139,2023-11-12,93.98913333333333,Center Back,Center Back,3421,1.779020591261619,-0.1083958294855784
statsbomb:player:8667,Lukáš Hrádecký,statsbomb:match:3895139,2023-11-12,93.98913333333333,Goalkeeper,Goalkeeper,3421,2.792290147966748,-3.0456557506695425
statsbomb:player:8804,Jonas Hofmann,statsbomb:match:3895139,2023-11-12,81.71711666666667,Right Attacking Midfield,Right Attacking Midfield,3421,-1.8825593852607232,-0.3032767270996585
statsbomb:player:10336,Alejandro Grimaldo García,statsbomb:match:3895153,2023-11-25,94.12848333333335,Left Wing Back,Left Wing Back,3421,-1.3666584884563506,-0.690093476413191
statsbomb:player:27133,Odilon Kossonou,statsbomb:match:3895153,2023-11-25,94.12848333333335,Right Center Back,Right Center Back,3421,1.663769470800226,0.15987085919722183
statsbomb:player:28268,Exequiel Alejandro Palacios,statsbomb:match:3895153,2023-11-25,94.12848333333335,Left Defensive Midfield,Left Defensive Midfield,3421,1.2451873273686043,2.031283465925638
statsbomb:player:32289,Victor Okoh Boniface,statsbomb:match:3895153,2023-11-25,72.08211666666666,Center Forward,Center Forward,3421,-1.3385594728604073,-1.7685810182288273
statsbomb:player:32712,Jeremie Frimpong,statsbomb:match:3895153,2023-11-25,81.18211666666666,Right Wing Back,Right Wing Back,3421,-2.8425417281825927,0.5736040313973724
statsbomb:player:3500,Granit Xhaka,statsbomb:match:3895153,2023-11-25,89.93211666666666,Right Defensive Midfield,Right Defensive Midfield,3421,0.9552966779755802,1.106500074642674
statsbomb:player:38004,Piero Martín Hincapié Reyna,statsbomb:match:3895153,2023-11-25,94.12848333333335,Left Center Back,Left Center Back,3421,1.4560876304915147,-0.2078084395129102
statsbomb:player:40724,Florian Wirtz,statsbomb:match:3895153,2023-11-25,81.18211666666666,Left Attacking Midfield,Left Attacking Midfield,3421,-1.2313072018286733,1.5401205559399997
statsbomb:player:8667,Lukáš Hrádecký,statsbomb:match:3895153,2023-11-25,94.12848333333335,Goalkeeper,Goalkeeper,3421,2.584677738032776,-2.969636490107542
statsbomb:player:8804,Jonas Hofmann,statsbomb:match:3895153,2023-11-25,89.78211666666667,Right Attacking Midfield,Right Attacking Midfield,3421,-1.2705302548699033,0.4553204280130503
statsbomb:player:9195,Robert Andrich,statsbomb:match:3895153,2023-11-25,94.12848333333335,Center Back,Center Back,3421,1.5656978174968401,-2.146780766121415
statsbomb:player:10336,Alejandro Grimaldo García,statsbomb:match:3895158,2023-12-03,98.57655,Left Wing Back,Left Wing Back,3421,-0.9716437634890572,-0.6586137925130485
statsbomb:player:27133,Odilon Kossonou,statsbomb:match:3895158,2023-12-03,98.57655,Right Center Back,Right Center Back,3421,-0.3809466911799952,1.6951268305289575
statsbomb:player:28268,Exequiel Alejandro Palacios,statsbomb:match:3895158,2023-12-03,82.09006666666667,Left Defensive Midfield,Left Defensive Midfield,3421,0.7013761212799184,3.131278705703933
statsbomb:player:30606,Edmond Fayçal Tapsoba,statsbomb:match:3895158,2023-12-03,98.57655,Left Center Back,Left Center Back,3421,3.0175821395560165,1.7946091362844698
statsbomb:player:32289,Victor Okoh Boniface,statsbomb:match:3895158,2023-12-03,98.57655,Center Forward,Center Forward,3421,-2.38588397868303,-1.0707032124535658
statsbomb:player:32712,Jeremie Frimpong,statsbomb:match:3895158,2023-12-03,98.57655,Right Wing Back,Right Wing Back,3421,-1.3019134066319331,0.05603375524818325
statsbomb:player:33401,Amine Adli,statsbomb:match:3895158,2023-12-03,31.236483333333332,Right Attacking Midfield,,,-0.617652948424784,-0.22094705844647694
statsbomb:player:3500,Granit Xhaka,statsbomb:match:3895158,2023-12-03,98.57655,Right Defensive Midfield,Right Defensive Midfield,3421,2.3080405718847516,4.367248950470814
statsbomb:player:40724,Florian Wirtz,statsbomb:match:3895158,2023-12-03,98.57655,Left Attacking Midfield,Left Attacking Midfield,3421,-1.3211825244905127,2.4210602179690563
statsbomb:player:8221,Jonathan Tah,statsbomb:match:3895158,2023-12-03,98.57655,Center Back,Center Back,3421,1.8445046074495974,-0.8261257607343796
statsbomb:player:8667,Lukáš Hrádecký,statsbomb:match:3895158,2023-12-03,98.57655,Goalkeeper,Goalkeeper,3421,2.5521505101827446,-3.0783240325942094
statsbomb:player:8804,Jonas Hofmann,statsbomb:match:3895158,2023-12-03,67.34006666666667,Right Attacking Midfield,Right Attacking Midfield,3421,-2.922839323458624,1.1785686986620374
statsbomb:player:10336,Alejandro Grimaldo García,statsbomb:match:3895167,2023-12-10,99.17123333333332,Left Wing Back,Left Wing Back,343,-2.0729202790673864,0.25686292415750367
statsbomb:player:28268,Exequiel Alejandro Palacios,statsbomb:match:3895167,2023-12-10,87.77323333333334,Left Defensive Midfield,Left Defensive Midfield,343,-0.6223056697772027,-0.6238715565252863
statsbomb:player:30606,Edmond Fayçal Tapsoba,statsbomb:match:3895167,2023-12-10,99.17123333333332,Left Center Back,Left Center Back,343,2.2317841698003997,-0.2942993127016935
statsbomb:player:32289,Victor Okoh Boniface,statsbomb:match:3895167,2023-12-10,76.70656666666667,Center Forward,Center Forward,343,-1.3015756812969068,-1.3810011308122143
statsbomb:player:32712,Jeremie Frimpong,statsbomb:match:3895167,2023-12-10,99.17123333333332,Right Wing Back,Right Wing Back,343,-2.5881865478587245,-0.36284083972243164
statsbomb:player:33401,Amine Adli,statsbomb:match:3895167,2023-12-10,69.3399,Left Wing,Left Wing,343,-1.9385052728353163,-0.7600378543264457
statsbomb:player:3500,Granit Xhaka,statsbomb:match:3895167,2023-12-10,99.17123333333332,Right Defensive Midfield,Right Defensive Midfield,343,0.7170867431814423,0.274175575993816
statsbomb:player:40724,Florian Wirtz,statsbomb:match:3895167,2023-12-10,99.17123333333332,Right Wing,Right Wing,343,-0.7313252028315022,2.876809174402489
statsbomb:player:8221,Jonathan Tah,statsbomb:match:3895167,2023-12-10,99.17123333333332,Center Back,Center Back,343,0.7293605584324248,-1.6492913083969158
statsbomb:player:8667,Lukáš Hrádecký,statsbomb:match:3895167,2023-12-10,99.17123333333332,Goalkeeper,Goalkeeper,343,2.7971515747661355,-3.0446416918868167
statsbomb:player:10336,Alejandro Grimaldo García,statsbomb:match:3895180,2023-12-17,96.92811666666667,Left Wing Back,Left Wing Back,3421,-1.0283716051062493,0.05224888526016236
statsbomb:player:27133,Odilon Kossonou,statsbomb:match:3895180,2023-12-17,96.92811666666667,Right Center Back,Right Center Back,3421,1.4041875156060502,0.11409860866560406
statsbomb:player:28268,Exequiel Alejandro Palacios,statsbomb:match:3895180,2023-12-17,82.99665,Left Defensive Midfield,Left Defensive Midfield,3421,1.4917111404503207,2.3092276398177973
statsbomb:player:30606,Edmond Fayçal Tapsoba,statsbomb:match:3895180,2023-12-17,96.92811666666667,Left Center Back,Left Center Back,3421,1.5952426602749186,-0.1553994602692449
statsbomb:player:32289,Victor Okoh Boniface,statsbomb:match:3895180,2023-12-17,72.36331666666666,Center Forward,Center Forward,3421,-1.6320881366514268,-1.0844376086469683
statsbomb:player:32712,Jeremie Frimpong,statsbomb:match:3895180,2023-12-17,83.02998333333333,Right Wing Back,Right Wing Back,3421,-2.5622638908295188,-0.3417797614566325
statsbomb:player:3500,Granit Xhaka,statsbomb:match:3895180,2023-12-17,96.92811666666667,Right Defensive Midfield,Right Defensive Midfield,3421,1.6596683611075862,1.0050288585511138
statsbomb:player:40724,Florian Wirtz,statsbomb:match:3895180,2023-12-17,87.96331666666667,Left Attacking Midfield,Left Attacking Midfield,3421,-1.362138769688482,2.8369737090190523
statsbomb:player:8221,Jonathan Tah,statsbomb:match:3895180,2023-12-17,96.92811666666667,Center Back,Center Back,3421,2.2674894806444588,-0.39523061280052524
statsbomb:player:8667,Lukáš Hrádecký,statsbomb:match:3895180,2023-12-17,96.92811666666667,Goalkeeper,Goalkeeper,3421,2.5733575721522977,-3.0204483253216297
statsbomb:player:8804,Jonas Hofmann,statsbomb:match:3895180,2023-12-17,83.44665,Right Attacking Midfield,Right Attacking Midfield,3421,-1.1855088095016049,0.4826281381191354
statsbomb:player:10336,Alejandro Grimaldo García,statsbomb:match:3895182,2023-12-20,97.11626666666666,Left Wing Back,Left Wing Back,3421,-0.6697612422391837,0.1990365696527159
statsbomb:player:32712,Jeremie Frimpong,statsbomb:match:3895182,2023-12-20,97.11626666666666,Right Wing Back,Right Wing Back,3421,-2.069099961044562,0.2536135540103578
statsbomb:player:3500,Granit Xhaka,statsbomb:match:3895182,2023-12-20,97.11626666666666,Right Defensive Midfield,Right Defensive Midfield,3421,1.8236129047762943,1.645740549017017
statsbomb:player:38004,Piero Martín Hincapié Reyna,statsbomb:match:3895182,2023-12-20,75.60043333333333,Left Center Back,Left Center Back,3421,1.628489774805868,-0.5109277603371976
statsbomb:player:40724,Florian Wirtz,statsbomb:match:3895182,2023-12-20,89.70043333333334,Left Attacking Midfield,Left Attacking Midfield,3421,-0.6333593142786215,0.34971728823546183
statsbomb:player:49337,Josip Stanišić,statsbomb:match:3895182,2023-12-20,97.11626666666666,Right Center Back,Right Center Back,3421,0.4680483023358304,1.213464369010299
statsbomb:player:7044,Patrik Schick,statsbomb:match:3895182,2023-12-20,69.73376666666667,Center Forward,Center Forward,3421,-2.160928862665753,-2.1052609223524126
statsbomb:player:8221,Jonathan Tah,statsbomb:match:3895182,2023-12-20,69.83376666666666,Center Back,Center Back,3421,2.312953861668446,0.28752286398717875
statsbomb:player:8667,Lukáš Hrádecký,statsbomb:match:3895182,2023-12-20,97.11626666666666,Goalkeeper,Goalkeeper,3421,2.442229944432107,-3.1519724316657407
statsbomb:player:8804,Jonas Hofmann,statsbomb:match:3895182,2023-12-20,75.5671,Right Attacking Midfield,Right Attacking Midfield,3421,-1.0889419051646065,-0.29278415334829566
statsbomb:player:9195,Robert Andrich,statsbomb:match:3895182,2023-12-20,97.11626666666666,Left Defensive Midfield,Left Defensive Midfield,3421,1.0976726817358564,0.17206357007332543
statsbomb:player:10336,Alejandro Grimaldo García,statsbomb:match:3895194,2024-01-13,97.00015,Left Wing Back,Left Wing Back,3421,-0.9129581850981542,0.25302084646163436
statsbomb:player:28239,Adam Hložek,statsbomb:match:3895194,2024-01-13,62.30918333333333,Left Attacking Midfield,Left Attacking Midfield,3421,-1.1010121965424577,-2.036499205036523
statsbomb:player:28268,Exequiel Alejandro Palacios,statsbomb:match:3895194,2024-01-13,97.00015,Left Defensive Midfield,Left Defensive Midfield,3421,1.229753517022361,2.880180013341717
statsbomb:player:32712,Jeremie Frimpong,statsbomb:match:3895194,2024-01-13,97.00015,Right Wing Back,Right Wing Back,3421,-2.6853532075638147,1.8777825284076728
statsbomb:player:3500,Granit Xhaka,statsbomb:match:3895194,2024-01-13,97.00015,Right Defensive Midfield,Right Defensive Midfield,3421,1.8700254998098957,3.7327805131224236
statsbomb:player:38004,Piero Martín Hincapié Reyna,statsbomb:match:3895194,2024-01-13,97.00015,Left Center Back,Left Center Back,3421,1.392364833783184,0.3375093598555784
statsbomb:player:40724,Florian Wirtz,statsbomb:match:3895194,2024-01-13,34.69096666666667,Left Attacking Midfield,,,-1.4182850794120216,2.1195784661324706
statsbomb:player:49337,Josip Stanišić,statsbomb:match:3895194,2024-01-13,97.00015,Right Center Back,Right Center Back,3421,1.498029566226452,2.6424838768759327
statsbomb:player:7044,Patrik Schick,statsbomb:match:3895194,2024-01-13,97.00015,Center Forward,Center Forward,3421,-1.878304481819136,-1.7946204271503066
statsbomb:player:8667,Lukáš Hrádecký,statsbomb:match:3895194,2024-01-13,97.00015,Goalkeeper,Goalkeeper,3421,2.151282144902547,-3.5196609936071663
statsbomb:player:8804,Jonas Hofmann,statsbomb:match:3895194,2024-01-13,97.00015,Right Attacking Midfield,Right Attacking Midfield,3421,-2.6011044028881565,1.1705120488840002
statsbomb:player:9195,Robert Andrich,statsbomb:match:3895194,2024-01-13,97.00015,Center Back,Center Back,3421,1.851663798323499,-0.5653926132918696
statsbomb:player:10336,Alejandro Grimaldo García,statsbomb:match:3895202,2024-01-20,98.48491666666665,Left Wing Back,Left Wing Back,3421,-1.8518851354143613,0.4492813569499418
statsbomb:player:28268,Exequiel Alejandro Palacios,statsbomb:match:3895202,2024-01-20,91.19523333333333,Left Defensive Midfield,Left Defensive Midfield,3421,0.5579367544074765,1.557011070079868
statsbomb:player:3500,Granit Xhaka,statsbomb:match:3895202,2024-01-20,98.48491666666665,Right Defensive Midfield,Right Defensive Midfield,3421,0.9892877747771661,0.9110962248825866
statsbomb:player:38004,Piero Martín Hincapié Reyna,statsbomb:match:3895202,2024-01-20,98.48491666666665,Left Center Back,Left Center Back,3421,1.9119798310143645,0.28421409273457515
statsbomb:player:40724,Florian Wirtz,statsbomb:match:3895202,2024-01-20,98.48491666666665,Left Attacking Midfield,Left Attacking Midfield,3421,-2.1271951687352693,0.6274576663979123
statsbomb:player:41411,Nathan Tella,statsbomb:match:3895202,2024-01-20,67.83491666666666,Right Wing Back,,,-2.548104183325349,-0.5459095370134195
statsbomb:player:49337,Josip Stanišić,statsbomb:match:3895202,2024-01-20,98.48491666666665,Right Center Back,Right Center Back,3421,-0.21820651958975065,-0.6492363216725388
statsbomb:player:7044,Patrik Schick,statsbomb:match:3895202,2024-01-20,95.6119,Center Forward,Center Forward,3421,-1.3206700591771015,-2.011366401104543
statsbomb:player:8221,Jonathan Tah,statsbomb:match:3895202,2024-01-20,98.48491666666665,Center Back,Center Back,3421,0.8431730744686037,-1.1117877232676996
statsbomb:player:8667,Lukáš Hrádecký,statsbomb:match:3895202,2024-01-20,98.48491666666665,Goalkeeper,Goalkeeper,3421,1.9528590472558713,-4.029343883846483
statsbomb:player:8804,Jonas Hofmann,statsbomb:match:3895202,2024-01-20,98.48491666666665,Right Attacking Midfield,Right Attacking Midfield,3421,-1.7073156190711254,-0.0290283831021443
statsbomb:player:10336,Alejandro Grimaldo García,statsbomb:match:3895210,2024-01-27,95.49,Left Wing Back,Left Wing Back,343,-1.3405786501706558,1.3249801421048586
statsbomb:player:32712,Jeremie Frimpong,statsbomb:match:3895210,2024-01-27,95.49,Right Wing Back,Right Wing Back,343,-3.1222011711989857,0.9592087291720915
statsbomb:player:3500,Granit Xhaka,statsbomb:match:3895210,2024-01-27,95.49,Right Defensive Midfield,Right Defensive Midfield,343,1.701085019879397,4.779301566303413
statsbomb:player:38004,Piero Martín Hincapié Reyna,statsbomb:match:3895210,2024-01-27,95.49,Left Center Back,Left Center Back,343,2.0434618798706254,3.053395098704676
statsbomb:player:40724,Florian Wirtz,statsbomb:match:3895210,2024-01-27,95.49,Left Wing,Left Wing,343,-2.5064066168963306,2.403837540699271
statsbomb:player:49337,Josip Stanišić,statsbomb:match:3895210,2024-01-27,95.49,Right Center Back,Right Center Back,343,0.7294364758555335,3.760869749770359
statsbomb:player:7044,Patrik Schick,statsbomb:match:3895210,2024-01-27,95.49,Center Forward,Center Forward,343,-2.0297165469600573,-1.301974740539941
statsbomb:player:8804,Jonas Hofmann,statsbomb:match:3895210,2024-01-27,84.20093333333334,Right Wing,Right Wing,343,-2.5668676676828817,1.7500048656818974
statsbomb:player:9195,Robert Andrich,statsbomb:match:3895210,2024-01-27,95.49,Center Back,Center Back,343,3.8878511825079998,5.023670192911538
statsbomb:player:10336,Alejandro Grimaldo García,statsbomb:match:3895220,2024-02-03,96.19848333333333,Left Wing Back,Left Wing Back,3421,-1.428086629320279,0.23734999158456305
statsbomb:player:28239,Adam Hložek,statsbomb:match:3895220,2024-02-03,94.0664,Right Attacking Midfield,Right Attacking Midfield,3421,-2.2445095044582986,-1.009892400759337
statsbomb:player:3500,Granit Xhaka,statsbomb:match:3895220,2024-02-03,90.14973333333334,Left Defensive Midfield,Left Defensive Midfield,3421,1.2840971274292348,3.925594274565625
statsbomb:player:38004,Piero Martín Hincapié Reyna,statsbomb:match:3895220,2024-02-03,96.19848333333333,Left Center Back,Left Center Back,3421,1.6034535305604196,0.8469108863191058
statsbomb:player:40724,Florian Wirtz,statsbomb:match:3895220,2024-02-03,77.99973333333334,Left Attacking Midfield,Left Attacking Midfield,3421,-1.397132879897436,1.0477957929234518
statsbomb:player:41411,Nathan Tella,statsbomb:match:3895220,2024-02-03,96.19848333333333,Right Wing Back,Right Wing Back,3421,-2.123760351011721,-0.7204840209766289
statsbomb:player:49337,Josip Stanišić,statsbomb:match:3895220,2024-02-03,96.19848333333333,Right Center Back,Right Center Back,3421,0.6173395356641659,0.9273275221955146
statsbomb:player:8221,Jonathan Tah,statsbomb:match:3895220,2024-02-03,96.19848333333333,Center Back,Center Back,3421,1.8593861718853715,-0.7255078329529681
statsbomb:player:8667,Lukáš Hrádecký,statsbomb:match:3895220,2024-02-03,96.19848333333333,Goalkeeper,Goalkeeper,3421,2.5178163956625665,-3.0963892683954652
statsbomb:player:9195,Robert Andrich,statsbomb:match:3895220,2024-02-03,96.19848333333333,Right Defensive Midfield,Right Defensive Midfield,3421,0.7094941874733383,-0.7237243894487927
statsbomb:player:10336,Alejandro Grimaldo García,statsbomb:match:3895232,2024-02-10,91.29651666666668,Left Wing Back,Left Wing Back,3421,-0.9673399726063224,-1.2877521586913203
statsbomb:player:30606,Edmond Fayçal Tapsoba,statsbomb:match:3895232,2024-02-10,97.66981666666668,Right Center Back,Right Center Back,3421,1.456804446700115,-1.440828574336677
statsbomb:player:32712,Jeremie Frimpong,statsbomb:match:3895232,2024-02-10,31.256633333333337,Right Attacking Midfield,,,-1.9629239896474941,-1.665585449324002
statsbomb:player:33401,Amine Adli,statsbomb:match:3895232,2024-02-10,84.37985,Left Attacking Midfield,Left Attacking Midfield,3421,-2.1018698285836073,-0.9591313016008398
statsbomb:player:38004,Piero Martín Hincapié Reyna,statsbomb:match:3895232,2024-02-10,97.66981666666668,Left Center Back,Left Center Back,3421,-0.30166203067423975,-0.09061080338336362
statsbomb:player:40724,Florian Wirtz,statsbomb:match:3895232,2024-02-10,91.36318333333334,Center Forward,Center Forward,3421,-1.3456041392452434,0.430596598758363
statsbomb:player:41411,Nathan Tella,statsbomb:match:3895232,2024-02-10,66.41318333333334,Right Attacking Midfield,Right Attacking Midfield,3421,-2.3921708308399032,-1.665564338207959
statsbomb:player:49337,Josip Stanišić,statsbomb:match:3895232,2024-02-10,97.66981666666668,Right Wing Back,Right Wing Back,3421,-0.8115968359187268,-1.0051634961116664
statsbomb:player:8221,Jonathan Tah,statsbomb:match:3895232,2024-02-10,97.66981666666668,Center Back,Center Back,3421,1.179276517599707,-2.466405506647994
statsbomb:player:8667,Lukáš Hrádecký,statsbomb:match:3895232,2024-02-10,97.66981666666668,Goalkeeper,Goalkeeper,3421,2.0935453604032257,-3.367498869238977
statsbomb:player:9195,Robert Andrich,statsbomb:match:3895232,2024-02-10,97.66981666666668,Left Defensive Midfield,Left Defensive Midfield,3421,-0.11861929574661616,-1.3804802781971246
statsbomb:player:10336,Alejandro Grimaldo García,statsbomb:match:3895244,2024-02-17,97.69043333333335,Left Wing Back,Left Wing Back,3412,-1.3331868811128689,2.1000671654316045
statsbomb:player:32712,Jeremie Frimpong,statsbomb:match:3895244,2024-02-17,90.54086666666667,Right Wing Back,Right Wing Back,3412,-1.734940705771373,0.3936674648815769
statsbomb:player:33401,Amine Adli,statsbomb:match:3895244,2024-02-17,89.65753333333333,Left Center Forward,Left Center Forward,3412,-2.9233878560515905,0.7051837100726434
statsbomb:player:3500,Granit Xhaka,statsbomb:match:3895244,2024-02-17,97.69043333333335,Left Defensive Midfield,Left Defensive Midfield,3412,1.4442574776388362,0.41735482922446726
statsbomb:player:38004,Piero Martín Hincapié Reyna,statsbomb:match:3895244,2024-02-17,97.69043333333335,Left Center Back,Left Center Back,3412,1.8581316907512049,0.286957850359464
statsbomb:player:40724,Florian Wirtz,statsbomb:match:3895244,2024-02-17,89.70753333333333,Center Attacking Midfield,Center Attacking Midfield,3412,-0.8430106199267652,3.0235154355498874
statsbomb:player:49337,Josip Stanišić,statsbomb:match:3895244,2024-02-17,97.69043333333335,Right Center Back,Right Center Back,3412,0.5476955930122956,-0.8350019212540676
statsbomb:player:8221,Jonathan Tah,statsbomb:match:3895244,2024-02-17,97.69043333333335,Center Back,Center Back,3412,1.918985609702713,-1.9355840445452577
statsbomb:player:8667,Lukáš Hrádecký,statsbomb:match:3895244,2024-02-17,97.69043333333335,Goalkeeper,Goalkeeper,3412,2.6361446097346737,-2.835288895271626
statsbomb:player:9195,Robert Andrich,statsbomb:match:3895244,2024-02-17,97.69043333333335,Right Defensive Midfield,Right Defensive Midfield,3412,0.31496883643341966,-0.4694948656240377
statsbomb:player:10336,Alejandro Grimaldo García,statsbomb:match:3895250,2024-02-23,96.85481666666668,Left Wing Back,Left Wing Back,3421,-1.8321664611509678,-0.8377847122477212
statsbomb:player:27133,Odilon Kossonou,statsbomb:match:3895250,2024-02-23,96.85481666666668,Right Center Back,Right Center Back,3421,1.3263705027361803,-1.0070317260256452
statsbomb:player:30606,Edmond Fayçal Tapsoba,statsbomb:match:3895250,2024-02-23,96.85481666666668,Left Center Back,Left Center Back,3421,3.0148270213162456,0.8436826387944184
statsbomb:player:32712,Jeremie Frimpong,statsbomb:match:3895250,2024-02-23,85.13911666666667,Right Wing Back,Right Wing Back,3421,-2.1446423761551654,0.1913884144066389
statsbomb:player:33401,Amine Adli,statsbomb:match:3895250,2024-02-23,85.02244999999999,Center Forward,Center Forward,3421,-1.2010803270026489,-1.750733397040408
statsbomb:player:3500,Granit Xhaka,statsbomb:match:3895250,2024-02-23,96.85481666666668,Right Defensive Midfield,Right Defensive Midfield,3421,1.581315514762112,1.5299693273863342
statsbomb:player:40724,Florian Wirtz,statsbomb:match:3895250,2024-02-23,91.87245,Left Attacking Midfield,Left Attacking Midfield,3421,-0.9185401302786412,0.502049520857206
statsbomb:player:7044,Patrik Schick,statsbomb:match:3895250,2024-02-23,38.39903333333334,Right Attacking Midfield,,,-1.2001910767559785,-2.8718926373113765
statsbomb:player:8221,Jonathan Tah,statsbomb:match:3895250,2024-02-23,96.85481666666668,Center Back,Center Back,3421,1.2258221380119052,-0.9361399678086295
statsbomb:player:8667,Lukáš Hrádecký,statsbomb:match:3895250,2024-02-23,96.85481666666668,Goalkeeper,Goalkeeper,3421,2.5343454002799515,-3.4259219429516894
statsbomb:player:8804,Jonas Hofmann,statsbomb:match:3895250,2024-02-23,58.455783333333336,Right Attacking Midfield,Right Attacking Midfield,3421,-2.100183271877596,-0.30511928204754385
statsbomb:player:9195,Robert Andrich,statsbomb:match:3895250,2024-02-23,96.85481666666668,Left Defensive Midfield,Left Defensive Midfield,3421,-0.16124017651358324,0.5103950053433934
statsbomb:player:10336,Alejandro Grimaldo García,statsbomb:match:3895258,2024-03-03,96.84403333333333,Left Wing Back,Left Wing Back,3421,-1.0723802994472094,1.3739000756339632
statsbomb:player:32712,Jeremie Frimpong,statsbomb:match:3895258,2024-03-03,48.871383333333334,Right Wing Back,Right Wing Back,3421,-2.712947854507821,-0.2855594014037193
statsbomb:player:3500,Granit Xhaka,statsbomb:match:3895258,2024-03-03,85.45471666666666,Right Defensive Midfield,Right Defensive Midfield,3421,2.922661095927179,3.0880591656742573
statsbomb:player:38004,Piero Martín Hincapié Reyna,statsbomb:match:3895258,2024-03-03,82.02138333333332,Left Center Back,Left Center Back,3421,3.2940516904814383,2.09677253397236
statsbomb:player:40724,Florian Wirtz,statsbomb:match:3895258,2024-03-03,96.84403333333333,Left Attacking Midfield,Left Attacking Midfield,3421,-1.4140891319687534,0.7461773534303568
statsbomb:player:41411,Nathan Tella,statsbomb:match:3895258,2024-03-03,47.97265,Right Wing Back,,,-2.6051661335184453,-0.43076155770293034
statsbomb:player:49337,Josip Stanišić,statsbomb:match:3895258,2024-03-03,96.84403333333333,Right Center Back,Right Center Back,3421,0.23395976921633463,1.4444239193210195
statsbomb:player:7044,Patrik Schick,statsbomb:match:3895258,2024-03-03,68.35471666666666,Center Forward,Center Forward,3421,-2.4928319623593316,-1.4495859781260025
statsbomb:player:8221,Jonathan Tah,statsbomb:match:3895258,2024-03-03,96.84403333333333,Center Back,Center Back,3421,3.929530831823097,3.0031108179053856
statsbomb:player:8667,Lukáš Hrádecký,statsbomb:match:3895258,2024-03-03,96.84403333333333,Goalkeeper,Goalkeeper,3421,2.380352265832336,-3.6943646544566495
statsbomb:player:8804,Jonas Hofmann,statsbomb:match:3895258,2024-03-03,68.27138333333332,Right Attacking Midfield,Right Attacking Midfield,3421,-2.0134693451329544,0.5373542023990425
statsbomb:player:9195,Robert Andrich,statsbomb:match:3895258,2024-03-03,96.84403333333333,Left Defensive Midfield,Left Defensive Midfield,3421,0.4635016106881026,0.5638776428854639
statsbomb:player:10336,Alejandro Grimaldo García,statsbomb:match:3895266,2024-03-10,91.23916666666668,Left Wing Back,Left Wing Back,3421,-0.6259862016106107,1.4693508504130324
statsbomb:player:28268,Exequiel Alejandro Palacios,statsbomb:match:3895266,2024-03-10,90.30143333333332,Left Defensive Midfield,Left Defensive Midfield,3421,1.551707667760388,4.116661695313081
statsbomb:player:30606,Edmond Fayçal Tapsoba,statsbomb:match:3895266,2024-03-10,91.23916666666668,Right Center Back,Right Center Back,3421,2.6525007376858456,3.421317440681552
statsbomb:player:33401,Amine Adli,statsbomb:match:3895266,2024-03-10,31.60440000000001,Left Back,,,-2.9869537288601746,0.48973316182966337
statsbomb:player:3500,Granit Xhaka,statsbomb:match:3895266,2024-03-10,91.23916666666668,Right Defensive Midfield,Right Defensive Midfield,3421,2.6298353378758614,4.992364931099246
statsbomb:player:38004,Piero Martín Hincapié Reyna,statsbomb:match:3895266,2024-03-10,59.634766666666664,Left Center Back,Left Center Back,3421,-1.499178363484303,0.05791332910686649
statsbomb:player:40724,Florian Wirtz,statsbomb:match:3895266,2024-03-10,90.38476666666665,Left Attacking Midfield,Left Attacking Midfield,3421,-1.6341247773614986,0.856129574896201
statsbomb:player:41411,Nathan Tella,statsbomb:match:3895266,2024-03-10,76.51809999999999,Right Attacking Midfield,Right Attacking Midfield,3421,-3.461808235682406,-0.8558571260676637
statsbomb:player:49337,Josip Stanišić,statsbomb:match:3895266,2024-03-10,91.23916666666668,Right Wing Back,Right Wing Back,3421,-1.1913615465843868,0.23997125661227256
statsbomb:player:7044,Patrik Schick,statsbomb:match:3895266,2024-03-10,76.68476666666666,Center Forward,Center Forward,3421,-2.6031364496996954,-2.04461957132899
statsbomb:player:8221,Jonathan Tah,statsbomb:match:3895266,2024-03-10,91.23916666666668,Center Back,Center Back,3421,2.6674481751120784,0.22545859207588834
statsbomb:player:8667,Lukáš Hrádecký,statsbomb:match:3895266,2024-03-10,91.23916666666668,Goalkeeper,Goalkeeper,3421,2.1909587787784184,-3.6497369599052423
statsbomb:player:10336,Alejandro Grimaldo García,statsbomb:match:3895275,2024-03-17,95.33855,Left Wing Back,Left Wing Back,3421,-1.551860485660403,0.20605365050740646
statsbomb:player:28239,Adam Hložek,statsbomb:match:3895275,2024-03-17,83.67051666666666,Right Attacking Midfield,Right Attacking Midfield,3421,-1.6075344816940929,-0.927360108850811
statsbomb:player:32712,Jeremie Frimpong,statsbomb:match:3895275,2024-03-17,83.55385,Right Wing Back,Right Wing Back,3421,-2.642565112119115,-0.13465142681561157
statsbomb:player:3500,Granit Xhaka,statsbomb:match:3895275,2024-03-17,95.33855,Right Defensive Midfield,Right Defensive Midfield,3421,1.3609579468212565,1.1522115437493792
statsbomb:player:38004,Piero Martín Hincapié Reyna,statsbomb:match:3895275,2024-03-17,95.33855,Left Center Back,Left Center Back,3421,2.349107038972251,1.027700849287945
statsbomb:player:40724,Florian Wirtz,statsbomb:match:3895275,2024-03-17,95.33855,Left Attacking Midfield,Left Attacking Midfield,3421,-1.2023261129914289,1.6701761123158387
statsbomb:player:49337,Josip Stanišić,statsbomb:match:3895275,2024-03-17,95.33855,Right Center Back,Right Center Back,3421,0.8324544229019578,0.6982967875092441
statsbomb:player:7044,Patrik Schick,statsbomb:match:3895275,2024-03-17,76.73718333333333,Center Forward,Center Forward,3421,-1.3042753140352685,-0.9263696657270226
statsbomb:player:8221,Jonathan Tah,statsbomb:match:3895275,2024-03-17,95.33855,Center Back,Center Back,3421,1.744417488595133,-0.6153816712965703
statsbomb:player:8667,Lukáš Hrádecký,statsbomb:match:3895275,2024-03-17,95.33855,Goalkeeper,Goalkeeper,3421,2.0810120908967176,-3.6058630909108906
statsbomb:player:10336,Alejandro Grimaldo García,statsbomb:match:3895286,2024-03-30,99.18626666666665,Left Wing Back,Left Wing Back,3421,-1.5483594636051417,1.8317569520122776
statsbomb:player:30606,Edmond Fayçal Tapsoba,statsbomb:match:3895286,2024-03-30,88.86965000000001,Right Center Back,Right Center Back,3421,1.6870228751411909,2.054430905969928
statsbomb:player:32712,Jeremie Frimpong,statsbomb:match:3895286,2024-03-30,88.96965,Right Wing Back,Right Wing Back,3421,-2.2268045848401004,1.0222854658632599
statsbomb:player:33401,Amine Adli,statsbomb:match:3895286,2024-03-30,39.24994999999999,Right Attacking Midfield,,,-3.843694511677392,4.1002325358622205
statsbomb:player:3500,Granit Xhaka,statsbomb:match:3895286,2024-03-30,99.18626666666665,Left Defensive Midfield,Left Defensive Midfield,3421,1.6116790200296978,3.802699153375389
statsbomb:player:38004,Piero Martín Hincapié Reyna,statsbomb:match:3895286,2024-03-30,75.53631666666666,Left Center Back,Left Center Back,3421,1.269917611923626,1.4554223850143968
statsbomb:player:40724,Florian Wirtz,statsbomb:match:3895286,2024-03-30,99.18626666666665,Left Attacking Midfield,Left Attacking Midfield,3421,-3.250076304229024,2.7536474697211606
statsbomb:player:7044,Patrik Schick,statsbomb:match:3895286,2024-03-30,99.18626666666665,Center Forward,Center Forward,3421,-2.404556162423175,-2.7467460351903337
statsbomb:player:8221,Jonathan Tah,statsbomb:match:3895286,2024-03-30,99.18626666666665,Center Back,Center Back,3421,2.4184740807307823,0.9769319711610425
statsbomb:player:8667,Lukáš Hrádecký,statsbomb:match:3895286,2024-03-30,99.18626666666665,Goalkeeper,Goalkeeper,3421,1.9377277612523622,-3.7425343466010763
statsbomb:player:8804,Jonas Hofmann,statsbomb:match:3895286,2024-03-30,59.93631666666667,Right Attacking Midfield,Right Attacking Midfield,3421,-2.7769769426173645,0.2515443396253348
statsbomb:player:9195,Robert Andrich,statsbomb:match:3895286,2024-03-30,99.18626666666665,Right Defensive Midfield,Right Defensive Midfield,3421,-0.37580693675905497,1.7454744484356302
statsbomb:player:10336,Alejandro Grimaldo García,statsbomb:match:3895292,2024-04-06,104.90231666666666,Left Wing Back,Left Wing Back,3421,-1.7245277276780573,0.712518359690649
statsbomb:player:27133,Odilon Kossonou,statsbomb:match:3895292,2024-04-06,104.90231666666666,Right Center Back,Right Center Back,3421,1.312089564035576,0.36712202077651507
statsbomb:player:28239,Adam Hložek,statsbomb:match:3895292,2024-04-06,31.966666666666665,Left Attacking Midfield,Left Attacking Midfield,3421,-0.37490595778874075,-1.2930817153892333
statsbomb:player:32289,Victor Okoh Boniface,statsbomb:match:3895292,2024-04-06,31.063316666666665,Center Forward,,,-1.7643981202070116,-0.9521962688421719
statsbomb:player:33401,Amine Adli,statsbomb:match:3895292,2024-04-06,72.93565,Left Attacking Midfield,,,-1.878102627553156,-0.8624626198868631
statsbomb:player:3500,Granit Xhaka,statsbomb:match:3895292,2024-04-06,104.90231666666666,Left Defensive Midfield,Left Defensive Midfield,3421,1.2810566645259083,0.8561648323738841
statsbomb:player:38004,Piero Martín Hincapié Reyna,statsbomb:match:3895292,2024-04-06,104.90231666666666,Left Center Back,Left Center Back,3421,1.5698948453607093,0.3032616292845264
statsbomb:player:40724,Florian Wirtz,statsbomb:match:3895292,2024-04-06,104.90231666666666,Right Attacking Midfield,Right Attacking Midfield,3421,-1.2476378474519039,1.2344125826287349
statsbomb:player:41411,Nathan Tella,statsbomb:match:3895292,2024-04-06,86.22233333333334,Right Wing Back,Right Wing Back,3421,-2.0920241337713437,0.41099352559547364
statsbomb:player:8221,Jonathan Tah,statsbomb:match:3895292,2024-04-06,104.90231666666666,Center Back,Center Back,3421,1.3684002095110883,-0.35482813521679246
statsbomb:player:8667,Lukáš Hrádecký,statsbomb:match:3895292,2024-04-06,104.90231666666666,Goalkeeper,Goalkeeper,3421,2.784010576687312,-3.294622329514968
statsbomb:player:9195,Robert Andrich,statsbomb:match:3895292,2024-04-06,104.90231666666666,Right Defensive Midfield,Right Defensive Midfield,3421,0.7790275370230173,0.8624565922416892
statsbomb:player:27133,Odilon Kossonou,statsbomb:match:3895302,2024-04-14,93.905,Right Center Back,Right Center Back,3421,1.3848418378426477,1.6431812673983526
statsbomb:player:30606,Edmond Fayçal Tapsoba,statsbomb:match:3895302,2024-04-14,93.905,Left Center Back,Left Center Back,3421,2.3834776018735653,1.9056442038439423
statsbomb:player:32289,Victor Okoh Boniface,statsbomb:match:3895302,2024-04-14,65.4532,Center Forward,Center Forward,3421,-2.700158657692429,-1.7689112370736426
statsbomb:player:33401,Amine Adli,statsbomb:match:3895302,2024-04-14,49.03653333333333,Left Attacking Midfield,Left Attacking Midfield,3421,-2.21886123434834,0.3521633180586565
statsbomb:player:3500,Granit Xhaka,statsbomb:match:3895302,2024-04-14,80.81986666666667,Right Defensive Midfield,Right Defensive Midfield,3421,0.9909711340162293,1.1416372908756034
statsbomb:player:38004,Piero Martín Hincapié Reyna,statsbomb:match:3895302,2024-04-14,79.98653333333333,Left Wing Back,Left Wing Back,3421,-2.0989153958535027,-1.0003045354292595
statsbomb:player:40724,Florian Wirtz,statsbomb:match:3895302,2024-04-14,44.86846666666667,Left Attacking Midfield,,,-3.0950948670557956,2.2854840111867682
statsbomb:player:8221,Jonathan Tah,statsbomb:match:3895302,2024-04-14,93.905,Center Back,Center Back,3421,1.754486523078694,-0.5420469022036547
statsbomb:player:8667,Lukáš Hrádecký,statsbomb:match:3895302,2024-04-14,93.905,Goalkeeper,Goalkeeper,3421,2.7251197264926996,-3.2084229327405875
statsbomb:player:8804,Jonas Hofmann,statsbomb:match:3895302,2024-04-14,93.905,Right Attacking Midfield,Right Attacking Midfield,3421,-3.4948099799166776,0.18145760536352373
statsbomb:player:9195,Robert Andrich,statsbomb:match:3895302,2024-04-14,93.905,Left Defensive Midfield,Left Defensive Midfield,3421,0.5648328387305492,0.12457765266245849
statsbomb:player:10336,Alejandro Grimaldo García,statsbomb:match:3895309,2024-04-21,102.03961666666667,Left Wing Back,Left Wing Back,343,-1.399221029405786,-0.46984776271273165
statsbomb:player:30606,Edmond Fayçal Tapsoba,statsbomb:match:3895309,2024-04-21,102.03961666666667,Right Center Back,Right Center Back,343,2.466797113845536,2.1463498571032087
statsbomb:player:32712,Jeremie Frimpong,statsbomb:match:3895309,2024-04-21,102.03961666666667,Right Wing,Right Wing,343,-2.8515966705460736,0.021579171967223802
statsbomb:player:3500,Granit Xhaka,statsbomb:match:3895309,2024-04-21,102.03961666666667,Right Defensive Midfield,Right Defensive Midfield,343,0.5587889534856197,-0.4640459152659867
statsbomb:player:38004,Piero Martín Hincapié Reyna,statsbomb:match:3895309,2024-04-21,86.46648333333333,Left Center Back,Left Center Back,343,0.7650664003862404,-0.1455879808497192
statsbomb:player:41411,Nathan Tella,statsbomb:match:3895309,2024-04-21,72.64981666666667,Left Wing,Left Wing,343,-2.7899944158465844,-0.675134645353524
statsbomb:player:49337,Josip Stanišić,statsbomb:match:3895309,2024-04-21,102.03961666666667,Right Wing Back,Right Wing Back,343,-0.3275947677102751,0.019757654684880565
statsbomb:player:8221,Jonathan Tah,statsbomb:match:3895309,2024-04-21,102.03961666666667,Center Back,Center Back,343,0.9500668799135776,-1.5488983110754106
statsbomb:player:8667,Lukáš Hrádecký,statsbomb:match:3895309,2024-04-21,102.03961666666667,Goalkeeper,Goalkeeper,343,2.532164404764135,-3.3147241366290245
statsbomb:player:8804,Jonas Hofmann,statsbomb:match:3895309,2024-04-21,86.48315,Center Forward,Center Forward,343,-1.8950212581233004,0.6114412839131288
statsbomb:player:9195,Robert Andrich,statsbomb:match:3895309,2024-04-21,102.03961666666667,Left Defensive Midfield,Left Defensive Midfield,343,-0.09755569527615944,-1.7135518513618822
statsbomb:player:10336,Alejandro Grimaldo García,statsbomb:match:3895320,2024-04-27,90.19406666666667,Left Wing Back,Left Wing Back,3421,-0.4195384778577641,-1.4211962474040742
statsbomb:player:27133,Odilon Kossonou,statsbomb:match:3895320,2024-04-27,99.78531666666666,Right Center Back,Right Center Back,3421,0.8443063282807701,-0.11571616627817248
statsbomb:player:28268,Exequiel Alejandro Palacios,statsbomb:match:3895320,2024-04-27,99.78531666666666,Left Defensive Midfield,Left Defensive Midfield,3421,-0.13476250272627602,0.33701264770224054
statsbomb:player:30606,Edmond Fayçal Tapsoba,statsbomb:match:3895320,2024-04-27,99.78531666666666,Left Center Back,Left Center Back,3421,1.925272374355809,0.8389579626684288
statsbomb:player:32712,Jeremie Frimpong,statsbomb:match:3895320,2024-04-27,90.12740000000001,Right Wing Back,Right Wing Back,3421,-2.528170280542042,-1.0153711630786464
statsbomb:player:33401,Amine Adli,statsbomb:match:3895320,2024-04-27,99.78531666666666,Left Attacking Midfield,Left Attacking Midfield,3421,-1.6313488400678433,-1.8153147278154873
statsbomb:player:38004,Piero Martín Hincapié Reyna,statsbomb:match:3895320,2024-04-27,52.74125,Center Back,,,0.4149580262989549,0.7790593702519393
statsbomb:player:7044,Patrik Schick,statsbomb:match:3895320,2024-04-27,75.16073333333334,Center Forward,Center Forward,3421,-1.868688402005053,-1.6368107652374122
statsbomb:player:8221,Jonathan Tah,statsbomb:match:3895320,2024-04-27,47.044066666666666,Center Back,Center Back,3421,1.6387043757741686,-2.0945523775926334
statsbomb:player:8667,Lukáš Hrádecký,statsbomb:match:3895320,2024-04-27,99.78531666666666,Goalkeeper,Goalkeeper,3421,2.175546764659764,-3.4748819613616884
statsbomb:player:8804,Jonas Hofmann,statsbomb:match:3895320,2024-04-27,75.09406666666668,Right Attacking Midfield,Right Attacking Midfield,3421,-1.4992631446901556,-0.2983075622203682
statsbomb:player:9195,Robert Andrich,statsbomb:match:3895320,2024-04-27,99.78531666666666,Right Defensive Midfield,Right Defensive Midfield,3421,1.0212882973160993,0.29396890079452026
statsbomb:player:27133,Odilon Kossonou,statsbomb:match:3895333,2024-05-05,96.02663333333334,Right Center Back,Right Center Back,3421,-0.16535730989634387,-1.7750806434877469
statsbomb:player:28239,Adam Hložek,statsbomb:match:3895333,2024-05-05,96.02663333333334,Left Attacking Midfield,Left Attacking Midfield,3421,-1.4171110921549046,-2.4618222461780803
statsbomb:player:28268,Exequiel Alejandro Palacios,statsbomb:match:3895333,2024-05-05,96.02663333333334,Left Defensive Midfield,Left Defensive Midfield,3421,-0.4292647371641219,-1.1418180944039027
statsbomb:player:30606,Edmond Fayçal Tapsoba,statsbomb:match:3895333,2024-05-05,96.02663333333334,Left Center Back,Left Center Back,3421,2.5736822852469574,-0.509133107113016
statsbomb:player:32289,Victor Okoh Boniface,statsbomb:match:3895333,2024-05-05,34.31518333333334,Center Forward,,,-3.858058864761024,-1.416749781610695
statsbomb:player:38004,Piero Martín Hincapié Reyna,statsbomb:match:3895333,2024-05-05,34.34851666666667,Left Wing Back,,,-0.6047803793381227,-1.4953965083379783
statsbomb:player:41411,Nathan Tella,statsbomb:match:3895333,2024-05-05,72.97811666666666,Right Wing Back,Right Wing Back,3421,-1.9501462396111398,-1.5453441137210138
statsbomb:player:7044,Patrik Schick,statsbomb:match:3895333,2024-05-05,61.71145,Center Forward,Center Forward,3421,-1.4475680530127657,-2.4983479577484187
statsbomb:player:8667,Lukáš Hrádecký,statsbomb:match:3895333,2024-05-05,96.02663333333334,Goalkeeper,Goalkeeper,3421,2.6392735656063895,-3.2939627221617096
statsbomb:player:8804,Jonas Hofmann,statsbomb:match:3895333,2024-05-05,96.02663333333334,Right Attacking Midfield,Right Attacking Midfield,3421,-2.0277495210024563,-1.1197425938998788
statsbomb:player:9195,Robert Andrich,statsbomb:match:3895333,2024-05-05,83.34478333333333,Center Back,Center Back,3421,2.537544081719493,-0.2501795120855959
statsbomb:player:27133,Odilon Kossonou,statsbomb:match:3895340,2024-05-12,65.37013333333333,Right Center Back,Right Center Back,343,0.900722021034175,0.24601469431643838
statsbomb:player:30606,Edmond Fayçal Tapsoba,statsbomb:match:3895340,2024-05-12,96.27145,Left Center Back,Left Center Back,343,2.889193535034799,3.977733360249094
statsbomb:player:32289,Victor Okoh Boniface,statsbomb:match:3895340,2024-05-12,70.62013333333334,Left Wing,Left Wing,343,-2.8668022598012257,-1.9000889217652261
statsbomb:player:3500,Granit Xhaka,statsbomb:match:3895340,2024-05-12,80.92013333333334,Left Defensive Midfield,Left Defensive Midfield,343,1.6300063868029435,1.1787715529991
statsbomb:player:41411,Nathan Tella,statsbomb:match:3895340,2024-05-12,81.30346666666668,Right Wing,Right Wing,343,-2.094981653636667,-1.571888553564426
statsbomb:player:49337,Josip Stanišić,statsbomb:match:3895340,2024-05-12,96.27145,Right Wing Back,Right Wing Back,343,-0.9396803648190284,0.4359057522554931
statsbomb:player:7044,Patrik Schick,statsbomb:match:3895340,2024-05-12,70.82013333333335,Center Forward,Center Forward,343,-1.7269608628484099,-1.7352180566948687
statsbomb:player:8221,Jonathan Tah,statsbomb:match:3895340,2024-05-12,96.27145,Center Back,Center Back,343,2.8278639470387112,1.2461222970958667
statsbomb:player:8667,Lukáš Hrádecký,statsbomb:match:3895340,2024-05-12,96.27145,Goalkeeper,Goalkeeper,343,2.8166584973429347,-2.612288126651519
statsbomb:player:8804,Jonas Hofmann,statsbomb:match:3895340,2024-05-12,30.90131666666667,Right Center Back,,,-5.406859719034791,3.019089588027005
statsbomb:player:9195,Robert Andrich,statsbomb:match:3895340,2024-05-12,96.27145,Right Defensive Midfield,Right Defensive Midfield,343,-0.3807891272270505,0.2537108902728091
statsbomb:player:10336,Alejandro Grimaldo García,statsbomb:match:3895348,2024-05-18,72.04833333333333,Left Wing Back,Left Wing Back,3421,-1.8427399840441803,-1.5372395092956543
statsbomb:player:27133,Odilon Kossonou,statsbomb:match:3895348,2024-05-18,96.43335,Right Center Back,Right Center Back,3421,2.95926109153866,4.860486614718371
statsbomb:player:28268,Exequiel Alejandro Palacios,statsbomb:match:3895348,2024-05-18,71.99833333333332,Left Defensive Midfield,Left Defensive Midfield,3421,0.7975825747322831,1.2358760620333522
statsbomb:player:30606,Edmond Fayçal Tapsoba,statsbomb:match:3895348,2024-05-18,96.43335,Left Center Back,Left Center Back,3421,2.6455465565070964,1.4085679028949172
statsbomb:player:32289,Victor Okoh Boniface,statsbomb:match:3895348,2024-05-18,65.33166666666666,Center Forward,Center Forward,3421,-2.2687601358316827,-1.9532200008704501
statsbomb:player:32712,Jeremie Frimpong,statsbomb:match:3895348,2024-05-18,84.99833333333332,Right Wing Back,Right Wing Back,3421,-3.4001306788586163,0.9784488458214482
statsbomb:player:33401,Amine Adli,statsbomb:match:3895348,2024-05-18,65.28166666666667,Left Attacking Midfield,Left Attacking Midfield,3421,-1.4906072058094486,0.48978307027899004
statsbomb:player:40724,Florian Wirtz,statsbomb:match:3895348,2024-05-18,31.151683333333335,Left Attacking Midfield,,,-1.6081513715135345,1.7382138170410675
statsbomb:player:7044,Patrik Schick,statsbomb:match:3895348,2024-05-18,31.101683333333334,Center Forward,,,-1.8918531010400992,-1.973090047573107
statsbomb:player:8221,Jonathan Tah,statsbomb:match:3895348,2024-05-18,96.43335,Center Back,Center Back,3421,2.6176224854342256,0.10554143597860767
statsbomb:player:8667,Lukáš Hrádecký,statsbomb:match:3895348,2024-05-18,96.43335,Goalkeeper,Goalkeeper,3421,2.599533479115078,-3.294042930078675
statsbomb:player:8804,Jonas Hofmann,statsbomb:match:3895348,2024-05-18,96.43335,Right Attacking Midfield,Right Attacking Midfield,3421,-0.8886932486257971,0.4063423131626147
statsbomb:player:9195,Robert Andrich,statsbomb:match:3895348,2024-05-18,96.43335,Right Defensive Midfield,Right Defensive Midfield,3421,-0.4818133317341514,1.095115904361769
