player_id,player_name,match_count,appearances,lineup_rows,season_known_minutes,represented_minutes,unknown_minutes_appearances,nominal_positions,PC1,PC2,avg_touch_x_mean,avg_touch_x_median,avg_touch_x_std,avg_touch_x_z,avg_touch_x_z_median,avg_touch_x_z_std,avg_touch_y_mean,avg_touch_y_median,avg_touch_y_std,avg_touch_y_z,avg_touch_y_z_median,avg_touch_y_z_std,halfspace_share_mean,halfspace_share_median,halfspace_share_std,halfspace_share_z,halfspace_share_z_median,halfspace_share_z_std,passes_p90_mean,passes_p90_median,passes_p90_std,passes_p90_z,passes_p90_z_median,passes_p90_z_std,forward_pass_rate_mean,forward_pass_rate_median,forward_pass_rate_std,forward_pass_rate_z,forward_pass_rate_z_median,forward_pass_rate_z_std,progressive_passes_p90_mean,progressive_passes_p90_median,progressive_passes_p90_std,progressive_passes_p90_z,progressive_passes_p90_z_median,progressive_passes_p90_z_std,progressive_carries_p90_mean,progressive_carries_p90_median,progressive_carries_p90_std,progressive_carries_p90_z,progressive_carries_p90_z_median,progressive_carries_p90_z_std,final_third_entries_p90_mean,final_third_entries_p90_median,final_third_entries_p90_std,final_third_entries_p90_z,final_third_entries_p90_z_median,final_third_entries_p90_z_std,penalty_area_entries_p90_mean,penalty_area_entries_p90_median,penalty_area_entries_p90_std,penalty_area_entries_p90_z,penalty_area_entries_p90_z_median,penalty_area_entries_p90_z_std,shot_assists_p90_mean,shot_assists_p90_median,shot_assists_p90_std,shot_assists_p90_z,shot_assists_p90_z_median,shot_assists_p90_z_std,xg_p90_mean,xg_p90_median,xg_p90_std,xg_p90_z,xg_p90_z_median,xg_p90_z_std,pressures_p90_mean,pressures_p90_median,pressures_p90_std,pressures_p90_z,pressures_p90_z_median,pressures_p90_z_std,recoveries_p90_mean,recoveries_p90_median,recoveries_p90_std,recoveries_p90_z,recoveries_p90_z_median,recoveries_p90_z_std,tackles_p90_mean,tackles_p90_median,tackles_p90_std,tackles_p90_z,tackles_p90_z_median,tackles_p90_z_std,interceptions_p90_mean,interceptions_p90_median,interceptions_p90_std,interceptions_p90_z,interceptions_p90_z_median,interceptions_p90_z_std
statsbomb:player:28239,Adam Hložek,5,23,30,544.0333333333333,368.0394,0,Left Attacking Midfield | Right Attacking Midfield,-1.5278370775589294,-1.5683599599102551,62.99861819505551,59.631147540983605,4.508800985429476,0.6201889982793061,0.4249157533849395,0.2614568290129285,38.975299205158,40.0110294117647,12.829350271694958,-0.5652336409293166,-0.5141729674089465,0.6324767410691541,0.41088863578325363,0.4166666666666667,0.14635267286565296,-0.015657838693940267,0.025891241683705785,1.0524033344706505,23.47574743356282,24.55496795416192,6.662938116076218,-1.2513908515518666,-1.2145286442476206,0.22758148256282384,0.3641224793122218,0.3793103448275862,0.13273508355319405,-0.9800611532858503,-0.9078416022375879,0.6311662512989561,1.7117732503639556,0.9567709617886939,2.341577874819874,-1.0628923768626246,-1.1687304158968275,0.32824802555827876,1.222695178831397,1.4444098796565836,0.9694583517219837,-0.840497829152251,-0.767608058097399,0.3187140818413537,1.4672342145976762,1.4444098796565836,1.6650655298188162,-0.8326932803747814,-0.8370226627813738,0.3158341931638239,1.222695178831397,1.4444098796565836,0.870168867069247,-0.3739233171319702,-0.2816517088764858,0.36214053700317883,0.7336171072988381,0.0,0.8357983645795605,-0.21045761802050278,-0.6796932713510393,0.5345927565676672,0.3686357067748724,0.13644891932730088,0.40882205993136683,0.525331642167777,-0.15511135490333752,1.198087586233992,12.716029859846527,11.832124856406011,2.9502310128574067,0.08909599976718435,-0.018447551036410385,0.35895069897624254,3.6680855364941904,5.378238571093641,2.354923249418761,-0.24290688420909026,0.4344683724890811,0.932762570545707,1.222695178831397,1.4444098796565836,0.9694583517219837,0.04683821452696983,0.2222985158171961,0.7672087319802205,0.0,0.0,0.0,-0.6665071328213946,-0.6665071328213947,0.0
statsbomb:player:10336,Alejandro Grimaldo García,30,33,33,2897.0260833333327,2868.1396333333328,1,Left Wing Back,-1.068249528772459,0.1465282683341753,59.66488839992499,57.684267600066576,6.9950345580976405,0.42687232188629837,0.3120198732017165,0.4056288047102289,19.36750265388255,19.30457750280729,4.34701019341264,-1.5318823799273262,-1.5349845397125466,0.21430413717753943,0.2533892981220462,0.2456896551724138,0.07423239176629033,-1.1482154127105721,-1.203582559451137,0.5337956259417924,65.08051345570821,62.85101268799114,14.59896817596006,0.16967507582840988,0.09352352207650334,0.4986471078511316,0.42324791112324495,0.4154829545454546,0.08198326739880549,-0.698914856816009,-0.7358378646863354,0.3898371867344849,6.181707401530627,4.824507813503396,3.399572544216461,-0.43628624290739665,-0.6265417496104215,0.476560266212384,3.2320602150134747,3.6179376408574764,1.8088344412518145,-0.17990943827051112,-0.05305038417837084,0.5946629962211271,4.393091554387247,4.125094213258085,2.5359947557530864,-0.27770864122640804,-0.32854311139575265,0.4810344357066358,3.7027485958406796,3.61779666878907,1.9139525731812468,0.6582072384660828,0.622852564624969,0.7965348323537699,1.945511974085781,1.8637569359053499,1.3693033904970078,0.5646937162749905,0.5124016167969578,0.8758328624769242,0.1269080277284036,0.11507066585086628,0.09052461175155208,-0.18307174380251295,-0.21776213287207016,0.265290022770283,9.727559870428905,9.224312148128922,4.490154012101091,-0.27450718482954267,-0.33573666851760897,0.5463110902605668,4.738263033660531,4.619479722638036,2.1437088376522624,0.18098018448557965,0.13393125133898198,0.8491025626434344,1.1924105647622527,0.9226119870820123,1.1107576610561947,0.02287161470632923,-0.1906412446181157,0.879030001817575,0.8786183108774495,0.44100518475095535,1.0674450172937056,0.2245847117738772,-0.2192411030896057,1.0825992785358116
statsbomb:player:33401,Amine Adli,13,23,27,1001.6694333333334,810.5336333333332,0,Center Forward | Left Attacking Midfield | Left Back | Left Center Forward | Left Wing | Right Attacking Midfield,-2.0847363568153154,-0.24697453608595063,65.65582289580408,67.01262626262626,6.384347950315032,0.7742752658571131,0.8529537231742095,0.370216245028069,33.509510939495826,29.75,10.853125340024603,-0.8346926451991654,-1.0200335375023581,0.5350504273484871,0.32954481468403346,0.2962962962962963,0.0994285870490151,-0.6005908425618459,-0.8396766818043162,0.7149782405965625,41.084044671969,38.54269197931338,15.747289102023291,-0.6499561209403732,-0.7367593905241203,0.537869531091239,0.39073227077904016,0.4166666666666667,0.11902458121404826,-0.8535294038917425,-0.7302092160867119,0.5659716837952089,3.220100798613786,3.175631847823722,2.5975082467138004,-0.8514513887441952,-0.8576851533575586,0.36412496143043716,3.6642526329053426,2.881246235038195,3.2409329997609118,-0.037824108454606306,-0.2952412163983003,1.0654722644798686,3.3311387571866753,2.863498611998589,1.8900214828618984,-0.4791427583079171,-0.5678460227149126,0.35850445487688226,3.109062840040897,2.863498611998589,3.471115325170168,0.41113142760584176,0.30893429693679486,1.4445834773321706,1.5545314200204485,1.297953991857502,3.058945480585554,0.314615011864887,0.15050313942341453,1.9565605365584253,0.23758964437790764,0.12863281292867906,0.22209181088821434,0.14129008479925634,-0.17801711505347464,0.6508588153830728,24.20627496888984,24.679289209049347,10.063768566064843,1.4870989003281085,1.5446499162963552,1.224445389320674,3.220100798613786,2.881246235038195,1.9763720455414397,-0.42034935320408096,-0.5545664041588939,0.7828220601282515,1.5545314200204485,0.9019363069282572,1.5721996789874366,0.309446362030705,-0.2070035383932072,1.2442054060323062,0.666227751437335,0.0,1.1174475533876624,0.00917889443198091,-0.6665071328213947,1.1333116886583687
statsbomb:player:30606,Edmond Fayçal Tapsoba,23,28,30,2262.9406333333336,2201.5358,0,Left Center Back | Right Center Back,2.430649055200849,1.0709573550894929,41.57401207099753,39.84388185654008,7.273269416014053,-0.6221833304504776,-0.7225103045425533,0.4217631171154056,37.6792459792187,30.437962962962963,16.40913427043373,-0.629128031777993,-0.9861175118598836,0.8089572384680825,0.5423544340128449,0.5427509293680297,0.05291230957186756,0.9296958860902539,0.9325470334299518,0.3804856442840224,76.85543882593232,79.41383935808705,17.206882822555453,0.5718632585996932,0.6592488197371227,0.5877238891944049,0.7800725986115905,0.7857142857142857,0.0600954944268063,0.9978159120517767,1.024642598744468,0.2857590240798994,19.663545784719922,19.834873012568263,5.711871170051118,1.453630329061463,1.477647392457195,0.8007038561366501,6.908813383820513,6.499662034769065,3.593014277199924,1.0288407966128903,0.8943303286640006,1.1812206727257608,9.484288195540586,8.44538550168606,5.759203733979337,0.6880034911795802,0.4909415808744814,1.0924215485893671,0.40880552566985284,0.0,0.6000834075208045,-0.7126419810735489,-0.882775685229809,0.2497383389251823,0.2452833154019117,0.0,0.40791149548999733,-0.522805331295394,-0.6796932713510393,0.2609080611438302,0.03602599766036056,0.0,0.06078000530165241,-0.4494092111459982,-0.5549864409701886,0.17812094057588526,8.053468855696101,7.238901858588052,3.188777478020237,-0.4781916208175493,-0.5772989082471269,0.3879743313749737,5.355352386275072,4.825934572392034,2.4697370800295246,0.4254033736248414,0.2157060422608085,0.9782392304755488,1.2264165770095585,0.9372399809913846,0.9292473893237319,0.04978324994018741,-0.17906496118243256,0.7353866310942258,1.1855360244425732,0.9342804630363181,0.8057383993523738,0.5358596626072847,0.2810370861750605,0.8171772744220605
statsbomb:player:28268,Exequiel Alejandro Palacios,21,24,27,1859.9639833333333,1835.4895333333332,1,Left Defensive Midfield | Right Defensive Midfield,0.7850548693393312,1.2487391697869152,52.070653514539906,51.03930817610063,5.193361744161561,-0.01350297485637121,-0.0733087375584726,0.3011532107834197,47.8119833319029,46.354468599033815,5.9754295647724325,-0.1295921579251468,-0.20144647235127636,0.2945839140391818,0.5242629207141155,0.5172413793103449,0.06659169349992233,0.7996021300392058,0.7491111247042015,0.47885234287246803,91.79022649834053,89.69092445148654,26.05819207915883,1.0819807264547345,1.0102762825822238,0.8900520885783295,0.584081995319945,0.5818181818181818,0.04211764097515105,0.065864456129165,0.05509983653275439,0.20027285067544384,12.20927692205491,11.795683778313544,4.771606110318951,0.40867296827389127,0.3506944853554072,0.6688952356856803,1.9122963853820942,1.8038726138565144,1.2918217824753775,-0.6137881257471436,-0.6494329605460518,0.42469260548737053,8.286617669989075,7.64911931546048,4.366008348273195,0.4608260634210371,0.3399036283336244,0.8281564294790444,1.323897497572219,1.0843811165872357,1.2174756524286283,-0.3318056737161531,-0.4314858554756979,0.5066801436412605,1.1277645349689274,0.9868936863293659,1.1637824588386532,0.0416466798363168,-0.04845703235763194,0.7443777100815687,0.12087848406145457,0.0,0.32830830556790525,-0.20074183092853592,-0.5549864409701886,0.9621352268134892,15.641603767612514,15.475632958445397,3.6551808140820654,0.44504670143178454,0.4248532529524778,0.4447210073995391,6.276254803305335,5.607186474773977,2.8713636383539143,0.7901640111288091,0.5251524468896502,1.1373196680373874,2.647794995144438,3.2531433497617073,1.2818248089607986,1.1746319161096435,1.6536917361909236,1.0144089063308468,1.5200304601755108,1.0843811165872357,1.332426905115048,0.8751028357281012,0.43326868275317815,1.3513430507515851
statsbomb:player:40724,Florian Wirtz,29,32,32,2432.0319999999997,2377.9509500000004,1,Center Attacking Midfield | Center Forward | Left Attacking Midfield | Left Wing | Right Attacking Midfield | Right Wing,-1.4830873747912456,1.4991554701770349,65.16360132003894,63.9110824742268,5.565733663950065,0.7457322689967092,0.6731010735273933,0.32274635310129585,42.35314253981478,39.474184782608695,7.676225792483919,-0.39870865728619426,-0.5406389796635336,0.3784318122214452,0.438078874397432,0.4393939393939394,0.06512439392883285,0.17986368627938165,0.18932015031431113,0.4683011795008264,65.93071232188368,67.61888527011908,15.624562035393716,0.19871474497535838,0.25637652956478474,0.5336776254652876,0.4777709714060887,0.47058823529411764,0.08411585587141236,-0.4396532159079483,-0.47380771752504053,0.39997782051258657,7.0018265094997005,7.540056550424128,3.372803287790795,-0.32131997131406986,-0.24586958799372646,0.47280768738001705,5.790699761910563,5.182664945510036,3.135741707012816,0.6612555818706954,0.4613612203517551,1.0308901225793274,8.137257835364517,7.552034303018035,3.8943604510135894,0.43249508063691683,0.32148827709132466,0.7386929636750222,4.806659279494389,4.310816237088506,2.5578261111107374,1.1176247411036342,0.9112683975919016,1.064497428594721,2.1951672300053118,1.8880085757545086,1.916165969307014,0.7243780338206058,0.5279134334595447,1.2256167168839707,0.3069731547616657,0.2464519427661456,0.332292494591187,0.3446243238911326,0.16726179896319363,0.9738112293530904,22.89786507160713,21.362066786942705,8.7134636448375,1.327906401459289,1.1410478587335515,1.0601555783895047,5.601461207599761,5.546932700298199,2.6933445611027573,0.5228847233331392,0.5012865032420261,1.0668080145709962,1.2868221693134585,0.9874758799873019,1.2236643437127916,0.0975869516605061,-0.139309338571017,0.9683819504383678,0.6055633737945687,0.0,1.0659543524676836,-0.0523467208501898,-0.6665071328213947,1.0810874510982902
statsbomb:player:3500,Granit Xhaka,29,33,33,2768.0419333333334,2743.6069166666666,3,Left Defensive Midfield | Right Defensive Midfield,1.4603146154138873,1.8151656473489757,52.74553641631802,51.802696078431374,4.9339195801667035,0.02563220632021444,-0.029041319037400967,0.28610865110346156,48.07456371443265,48.238122171945705,5.543616605275528,-0.11664715439075003,-0.10858385282119302,0.2732958793694459,0.5409523968257787,0.5509554140127388,0.053127067445400425,0.919614016167216,0.9915444321698522,0.38202994065923995,100.34600741365921,101.28561838862255,27.00693764855075,1.374214763642161,1.4063084218735824,0.9224577509896555,0.586449763289906,0.5930232558139535,0.06303768299974573,0.07712338778115033,0.10838088597439983,0.2997493729950948,17.615497215147105,16.71341666083474,6.3232077420841435,1.1665299483997915,1.0400741238757705,0.8864024890453862,4.297262821572199,4.47951146116189,2.294133240422523,0.17028102645792034,0.2301961406353281,0.7542073035363112,12.662163733792891,10.750827506788534,6.541309778047351,1.2907916329220768,0.9282441389586431,1.2407735665568822,1.9682119793460453,1.115231501407257,1.7396791801549631,-0.06365956867981876,-0.4186467671696483,0.7240070018092626,1.1481236546185263,1.0007548285957168,1.0877826783672933,0.05466876549240098,-0.039591178382106754,0.6957667844534002,0.04457962212334657,0.0344291107846721,0.053419506223993045,-0.42434209199853484,-0.4540890230492588,0.15655037617211776,8.955364506024505,7.986712476871811,4.560790188800326,-0.36845917184045585,-0.486313780992692,0.55490530030334,5.6094041411362285,4.932092394530857,2.6629339787949187,0.5260308433202675,0.25775414004326574,1.0547626738439668,1.1481236546185263,0.9285231478241521,1.073239369521712,-0.012176104583868835,-0.1859632776590886,0.8493388234156283,0.4920529948365113,0.0,0.8139086019457129,-0.16746857947094881,-0.6665071328213947,0.8254634674247364
statsbomb:player:32712,Jeremie Frimpong,26,31,33,2267.665766666667,2197.185466666667,2,Right Attacking Midfield | Right Wing | Right Wing Back,-2.3816170626923254,0.08606622066474508,67.61059894395244,66.14080459770113,4.278216081429565,0.8876290263426436,0.8023984361449727,0.24808564718146325,84.2001927797918,83.97715263340262,2.865104769154754,1.6643175598350164,1.6533218584215905,0.14124738110975915,0.24859022906640857,0.2384453781512605,0.08412861685919587,-1.182724903911625,-1.2556752280960706,0.6049581136676324,40.14226442786714,36.21755534663019,13.04637649197889,-0.682123873434418,-0.8161775140018739,0.44561628104476964,0.35729046471969783,0.35571587125416204,0.09466870612602696,-1.0125479452006267,-1.0200352667764916,0.45015749236290825,2.1709591986499577,1.802794618498341,1.5842757976517785,-0.9985225848049589,-1.0501327822768483,0.22208759662070487,6.8815310447772235,6.258316552800528,2.109236352067309,1.0198715968290923,0.8149868441754374,0.693421564878448,3.809418971215963,3.641034551276257,1.616224917160884,-0.38842125648174036,-0.42036087474937867,0.3065699718967346,5.079225294954617,4.364005694917469,2.5232859316378886,1.2310592788618422,0.9334043984878699,1.050122748442566,1.433652300995255,1.0386041574953575,1.2529762526642299,0.23729839557352078,-0.01538201750288714,0.801427781164119,0.3027937741993681,0.21079975822535976,0.31726393190137486,0.33237629605555796,0.0627800600677684,0.9297687566924272,12.943832203271445,12.054626174751952,4.937942684630433,0.11681240910748328,0.008623889605133325,0.6007929448331598,4.300956902985765,3.981549321195261,2.321332541646769,0.007767409647050094,-0.11874687786369326,0.9194576125452345,0.9011528749113031,0.9609299435128364,0.9112415082413877,-0.2076235298381747,-0.16031722841551305,0.7211371595528908,0.45057643745565157,0.0,0.6140001751984178,-0.2095339696027134,-0.6665071328213947,0.6227169886238493
statsbomb:player:8804,Jonas Hofmann,27,32,33,2335.0052833333334,2250.9812666666667,0,Center Forward | Left Attacking Midfield | Right Attacking Midfield | Right Center Back | Right Wing,-1.9046978463021242,0.15891559792154225,64.74069679097849,65.97184684684684,6.001248133612915,0.7212088363811048,0.7926008961962644,0.348001012287911,64.18655192972935,64.31410256410257,9.544488930591578,0.6776610204385232,0.6839491650320708,0.4705356955846556,0.37297241388865154,0.3612565445026178,0.09121096888868144,-0.28830853629369046,-0.37255585318009177,0.6558864004271621,58.81434997282222,55.426508982430306,13.904832794348682,-0.044354043243766586,-0.16007024259135152,0.474937993869527,0.3829566685492896,0.3787878787878788,0.06839124992746898,-0.8905030327136715,-0.9103259712746631,0.3252060245328551,4.917855232261817,4.583941129972048,2.202118323779559,-0.6134560836464951,-0.6602649666485663,0.3086982498422997,2.598866586154619,2.750364677983229,1.9203262525889506,-0.3880748800257834,-0.3382691558787812,0.6313164638198414,4.677959855078314,4.569227605919351,2.0454202562142827,-0.223674041208892,-0.24429867223332133,0.3879809201098986,3.478482969160798,3.304081335876796,2.550982422207895,0.5648740044804273,0.49229280384012236,1.0616492720263238,2.7188142747463706,2.7415365635516102,2.4057324272679965,1.059312784808609,1.0738463990422646,1.5387528671516075,0.22741263677775608,0.13918341179606628,0.3833184876584593,0.11146550421571978,-0.1470976936981957,1.1233472130018787,20.910880377828704,18.119356225984163,9.107408942825025,1.0861526060519,0.7465115606060494,1.1080863809113277,3.518465532024715,3.0884191526216673,1.6493004619722427,-0.3021699366285075,-0.47250719343926245,0.653272134831213,0.7996512572783443,0.0,1.2000086060494013,-0.28794975243433185,-0.9207767594255964,0.9496613024966075,0.35984306577525493,0.0,0.6113345416789792,-0.3015554612289109,-0.6665071328213947,0.6200135117437927
statsbomb:player:8221,Jonathan Tah,30,31,33,2848.6074333333336,2824.975583333334,0,Center Back,1.8987216589118778,-0.5682829607032965,41.67493364976863,40.70590538847118,4.981964762364991,-0.6163310792533772,-0.6725231926869693,0.2888947002166309,56.530177400293354,59.67365868937736,7.602449490742301,0.3002078596602744,0.4551789812858316,0.37479469935871346,0.5207697944643007,0.515448482373758,0.08489316914406368,0.7744835063676975,0.7362186323603255,0.6104559112699398,68.9103301099328,71.04080011313494,19.97736897487164,0.3004875397786991,0.373256566510992,0.6823535157915069,0.7962962402489383,0.8125,0.07695175758993378,1.0749606638427296,1.1520108756273764,0.36591194331406857,13.412505305724322,12.265100689811785,5.558091873600057,0.5773444207514419,0.4164984784747117,0.7791467040237035,2.9947161490215826,2.7468538178936335,1.813633762303736,-0.2579374380693021,-0.3394233679683891,0.5962407960304825,5.607128108806367,4.643570279503937,4.821986399860565,-0.04742686025765793,-0.23019715015581843,0.9146475960093974,0.06371736487279962,0.0,0.23195964289630816,-0.8562582567113889,-0.882775685229809,0.09653527357793858,0.12743472974559925,0.0,0.30685292348068466,-0.5981835599849187,-0.6796932713510393,0.19626904906293513,0.05753240551843118,0.0362294783752192,0.06009150496821583,-0.38638286593467247,-0.44881289371990063,0.17610323218033827,6.84961672382596,7.471272651609601,2.356596418464392,-0.6246627148829249,-0.5490266616965208,0.2867239643018382,3.6637484801859785,3.519052303167257,1.7667444046138092,-0.24462475072199982,-0.3019375221923366,0.6997905569752928,0.7327496960371958,0.8889563308671442,0.753135541199684,-0.3408942258881414,-0.2172756155353472,0.5960154580614194,0.6053149662915964,0.0,0.7438735527979174,-0.0525986549349846,-0.6665071328213947,0.7544341474585897
statsbomb:player:49337,Josip Stanišić,14,20,32,1377.2716999999998,1301.8066499999998,0,Right Center Back | Right Wing Back,0.16323167727603738,0.6482609418655845,49.6589701808821,48.61246767491864,8.901533019124395,-0.15335192339927042,-0.21403662153686706,0.5161830393612851,81.9638383035567,81.40078649328859,3.3699954525861404,1.5540670669378625,1.526309061546339,0.16613808931322863,0.30657760281187324,0.3080357142857143,0.09797004333583849,-0.765745122866268,-0.7552600299256766,0.7044900394782451,69.96430691147569,67.1008866926149,21.236548044043,0.3364875143999861,0.23868360158314872,0.7253624458433521,0.5343640273668542,0.5304247990815154,0.08965025153421459,-0.17054857511421587,-0.1892799299550907,0.42629432757453595,9.95539544985425,9.110199986158275,5.15806687187703,0.09271843562817886,-0.025763099900661297,0.7230702359286026,6.152987465534918,5.573549427183373,2.891653148396684,0.7803594016665156,0.5898663680574479,0.9506448384893627,8.365297565502528,5.4685877931237,6.542476836095539,0.4757502816410907,-0.0737055670356778,1.2409949373260347,1.5900978843517202,1.3588728339084046,1.2517644355244348,-0.2210203369073715,-0.31724989315218904,0.5209501994814825,0.6913469062398784,0.927278936519381,0.6213964215913271,-0.23749445401161684,-0.08658777630691374,0.3974571380106715,0.05459867890519688,0.013267858248011178,0.07991352155162267,-0.3949803996326106,-0.5161038614305152,0.2341933264543385,12.09857085919787,11.813605880320647,4.119502247764764,0.013970581145357874,-0.02070073032345468,0.5012143811196639,5.046832415551112,4.636949362829663,2.4361473972374617,0.303201564700412,0.1408508086942683,0.9649346784598207,1.8666366468476716,1.8491111352263123,0.9477536572718577,0.5564398041865174,0.5425704868254932,0.7500320981645218,0.6222122156158906,0.0,1.0318373878834195,-0.03546151940916764,-0.6665071328213947,1.046486136139326
statsbomb:player:8667,Lukáš Hrádecký,33,33,34,3215.1792,3215.1792,0,Goalkeeper,2.4871751763037047,-3.2339431415310966,9.909268198107497,9.722222222222221,1.8312079735952107,-2.4583618513624614,-2.46920829321976,0.1061882818928166,50.22633714992283,50.029661016949156,2.461669935507223,-0.010566439375850143,-0.020262415944804893,0.12135836542186995,0.3642469546253861,0.3584905660377358,0.10085317176062135,-0.35105219682032646,-0.3924456502197941,0.7252222468820274,24.68913707826923,24.189361890274203,6.6713436459186735,-1.2099459199829565,-1.2270164039422164,0.22786858457547143,0.9797848304124007,1.0,0.025244432754668377,1.9474640179630511,2.043588813807734,0.12003935629834618,10.69302762346808,10.819021643219052,3.8024249000124817,0.19612149011579763,0.2137836352274947,0.5330330796103657,0.279922189096023,0.0,0.4756043876912103,-1.1504389702797932,-1.242464732218193,0.1563572230549963,0.1679533134576138,0.0,0.41863671297092164,-1.0791444426599024,-1.1110022874684777,0.07940815907966929,0.027992218909602302,0.0,0.15554355290581964,-0.871126087581049,-0.882775685229809,0.06473298219276939,0.0,0.0,0.0,-0.6796932713510393,-0.6796932713510393,0.0,0.0,0.0,0.0,-0.5549864409701885,-0.5549864409701886,0.0,0.027992218909602302,0.0,0.15904907690140066,-1.4546407313575087,-1.4580465075491722,0.01935129048419482,3.247097393513867,2.8752462595175974,1.5665160983651338,-0.40965626022909923,-0.5569429370633889,0.6204820403692317,0.0,0.0,0.0,-0.9207767594255961,-0.9207767594255964,0.0,0.0,0.0,0.0,-0.6665071328213948,-0.6665071328213947,0.0
statsbomb:player:41411,Nathan Tella,9,24,32,857.0596833333334,668.0910666666666,1,Left Wing | Right Attacking Midfield | Right Wing | Right Wing Back,-2.4272310890689957,-0.8341644863620755,70.12700594409303,69.65833333333333,5.0447017678720085,1.0335507019474997,1.0063732649636028,0.2925327003356512,72.77548970648996,83.16237113402062,20.522268462990073,1.101088805887366,1.6131537800310944,1.0117314752451136,0.21651281780457765,0.20588235294117646,0.06351280296101729,-1.4133894617371345,-1.4898317736550473,0.4567124351675487,30.84908783892336,29.002536249272122,11.670592482508269,-0.9995446372153434,-1.062616054220946,0.3986245547061893,0.3704891155604533,0.375,0.09471324901906975,-0.9497872737160235,-0.9283376467934581,0.4503692974868532,2.2901069574746598,2.087626175739464,1.3272835617606726,-0.9818201650373009,-1.0102044086419204,0.1860618060962056,2.8289556533510503,2.6535007168137357,1.4020984797259142,-0.31243199586991605,-0.37011364759192794,0.4609465985034428,1.481833913660074,1.2332464046870673,1.2695028995387891,-0.8299239694430317,-0.8770767294522055,0.24080278932841648,3.3678043492274408,3.3208916060979763,1.6341199596278064,0.5188125831008837,0.49928877958167034,0.6800761347626261,1.077697391752781,1.1761922995997027,1.0279632604494084,0.009622769238152418,0.072622012267602,0.6575051308342501,0.3988602493811722,0.2286430607692516,0.40245561785572687,0.6139072178162324,0.11507136567599102,1.1794301898582134,14.414202614693448,14.798956856244805,4.058764391920803,0.29571042917226725,0.34252296803347726,0.4938244866624186,3.771940871134734,3.6997392140612013,1.8248854358772817,-0.20177077969778304,-0.23036916534206678,0.7228196632482384,2.2901069574746598,2.3523845991994055,1.508518913216416,0.891565206397269,0.9408504082354832,1.193809801649783,0.40413652190729293,0.0,0.4990940726586063,-0.25663318150908543,-0.6665071328213947,0.5061795916679419
statsbomb:player:27133,Odilon Kossonou,20,22,29,1863.4243666666669,1857.0432,1,Right Center Back,0.9694055363855484,0.5061405564957948,48.29588590694574,49.32641010139579,5.309121986572155,-0.23239459862323372,-0.172636452505736,0.3078659279790222,79.68528244912979,80.57110475352113,3.8044790368192354,1.441736079738028,1.4854064131830418,0.1875577836534852,0.39864156859608985,0.3963658874080548,0.10376995726703613,-0.10372493096419057,-0.12008906305406834,0.7461964780510364,65.95969334477518,69.70538204918623,15.786952458214948,0.19970463022431792,0.32764359254364583,0.5392242855926707,0.6265248544412418,0.612887112887113,0.0844669004539778,0.2676837458670058,0.20283516188691572,0.4016470664066296,13.182245841130674,14.744004810462798,5.989455532872242,0.5450660944861727,0.7639972278872504,0.8396163006048468,5.234127025154827,4.556041657033548,3.8094869591728275,0.47827962580414274,0.2553558095030519,1.2523871049465798,8.190439511584868,7.777059895327714,5.007169824996757,0.44258272673813753,0.36417174817133235,0.9497736956239674,1.1631393389232947,0.9142253387546492,1.7086743998248564,-0.39870883252122513,-0.5023000469395059,0.7111036583051138,0.5331055303398434,0.0,0.7066031866329444,-0.3387086905195028,-0.6796932713510393,0.45195702857306286,0.018813126819020688,0.0,0.03714554678608342,-0.49985298338744827,-0.5549864409701886,0.10885816312297775,8.965865737533731,8.386894582075916,4.2282929836002605,-0.3671815009143758,-0.4376241543991217,0.5144508058267817,5.088734607789415,4.71165765564178,2.5111468724619357,0.3197986221855538,0.17044204877468785,0.9946412531081562,1.4054600345323145,1.3746810446697164,1.126899365922996,0.1914744363345263,0.1671165980197888,0.8918042039283317,1.2116034780450988,0.9337837734048611,1.2790193640843157,0.5622971896050757,0.28053334515987005,1.297177295652713
statsbomb:player:7044,Patrik Schick,13,20,24,1069.192,955.9917833333334,1,Center Forward | Right Attacking Midfield,-1.9023083318568017,-1.8919193177592295,70.66515068324851,68.98655913978494,5.427620305541906,1.0647566960697232,0.9674183518890467,0.3147374210480919,51.524577117638316,52.240625,6.181180206334581,0.05343575609916206,0.088736345879205,0.30472725664751515,0.4937460392321889,0.532258064516129,0.1663059561232537,0.580159142081572,0.8570941855791506,1.1958848399516793,17.698896889054502,16.406663014954365,6.482445223292046,-1.448706838667365,-1.4928447993931355,0.22141650858043532,0.3261298312325953,0.3333333333333333,0.14667128343709684,-1.1607193231036912,-1.1264660775002044,0.6974340292112727,0.9414306855880055,1.1974337663904289,0.8577973518115636,-1.1708808527576053,-1.134993724375554,0.12024809855317145,0.9414306855880055,0.0,1.3656537316050348,-0.932964880015668,-1.242464732218193,0.4489652128001231,1.3180029598232077,1.290622955019878,1.6582113443365118,-0.8609998737805366,-0.8661933881323843,0.3145340724761809,1.223859891264407,0.942507068803016,1.1417609660756733,-0.3734385956004297,-0.49052996265507287,0.47516975730988603,0.5648584113528032,0.0,0.8390903902738737,-0.3183989353093185,-0.6796932713510393,0.5366983997050522,0.4717137027345789,0.415830671395869,0.4433810802049868,0.8274104179411158,0.6636404732877537,1.2993657148877737,13.556601872467278,13.17827592590462,3.5293389847700944,0.19136728298369934,0.1453368662577944,0.42940999873780344,1.3180029598232077,1.2708250572812625,0.8743835375496083,-1.1737521105880595,-1.1924388264539973,0.3463349543680138,0.5648584113528032,0.0,1.064167400243739,-0.4737598197575951,-0.9207767594255964,0.842159459769986,0.2824292056764016,0.0,0.48776293734923915,-0.3800683473578563,-0.6665071328213947,0.49468759094455733
statsbomb:player:38004,Piero Martín Hincapié Reyna,18,26,31,1622.6836166666665,1517.2279666666666,0,Center Back | Left Center Back | Left Wing Back,1.2379455415138505,0.461221525701227,44.7106742832074,42.984335949703215,8.91736163607734,-0.44029422992479816,-0.5404013200226047,0.5171009108773602,21.206809695388216,20.747917665122387,5.973180562632071,-1.4412060090433187,-1.4638290203150182,0.2944730400265258,0.4004620016642981,0.3996775697304017,0.1715085824694181,-0.09063442982300808,-0.09627517943648185,1.2332962599654047,79.30911019545975,77.66266767950512,20.900409847559324,0.6556716563771966,0.5994352300127743,0.7138812002173159,0.6438042714881946,0.6649122807017543,0.14425636943256956,0.3498487966599693,0.4502191184397964,0.6859509142830632,14.533083020110427,13.839199396547693,7.199885721860585,0.7344297033667565,0.6371594259820199,1.009297319495633,5.3386835584079115,4.721873933467869,2.4975560814416222,0.5126530874769226,0.309873965573962,0.8210835379674263,7.711431806589205,5.502139290779434,5.524005369136877,0.35172323243161496,-0.06734142700529143,1.0478084781346855,0.8304618868634529,0.8897065006515312,1.2252567087749984,-0.5371601098503797,-0.5125041182794318,0.5099184069604447,0.17795611861359706,0.0,0.37320573659904177,-0.5658691051054141,-0.6796932713510393,0.2387095882817519,0.08111896532621697,0.033373662900419904,0.10309606922869784,-0.3172604596916781,-0.45718210224428013,0.3021317410150505,11.685785122292874,11.094666811357873,5.899751563122002,-0.03625251262042969,-0.10817309441997751,0.7178149569100124,3.1438914288402144,2.8502163034647214,1.9924393388068444,-0.4505351555087674,-0.5668570632049901,0.7891861612817178,2.1354734233631647,1.9001442023098143,1.4982869385676418,0.7691915145139868,0.5829569713161887,1.1857124344116792,1.00841800547705,0.0,1.339902869845605,0.3562271415488173,-0.6665071328213947,1.3589251499628214
statsbomb:player:9195,Robert Andrich,18,28,34,1848.9054833333332,1691.9086,0,Center Back | Left Defensive Midfield | Right Defensive Midfield,0.7511249223194449,0.16012655202961998,49.32646446566719,50.099162854238145,7.2000200695559995,-0.17263330002460855,-0.12782598404148418,0.4175155262560882,49.95989794550529,51.124270106742756,6.552275270146181,-0.023701679753131578,0.03370093957950148,0.323021947463171,0.5073496685005431,0.5102936015908293,0.06046260258287038,0.6779810986102404,0.6991505445794292,0.43477883473571954,73.78058129144802,72.86374226934055,21.049048224400984,0.4668374240239539,0.43552157202478453,0.7189581409869951,0.6291335274606166,0.5884387351778657,0.13296647152866226,0.2800882008643432,0.08658111287430097,0.6322665201740901,9.787762766853954,7.916888255078974,6.940785442975955,0.06921928242657303,-0.19304441213651577,0.972976018427642,2.3937463288501517,1.8506978434307089,2.068136330012574,-0.45550914820010435,-0.6340389417888337,0.6799097355465668,6.755684083643762,5.563673619116285,4.635137355948459,0.17043438491251275,-0.055669426958385025,0.879205557260428,1.0106928944033975,0.8799386607884823,1.3342404564560806,-0.46215288271874594,-0.5165692266822174,0.5552744687588557,1.0106928944033975,0.42897050732435366,1.4045213935847016,-0.03323459978584283,-0.405315460008807,0.8983589766084463,0.09052390529547517,0.03504936430752699,0.11723229218849308,-0.2896984885291242,-0.45227131769799883,0.3435591367069804,11.96873164425076,11.0209186961795,4.210104359939719,-0.0018267841310149896,-0.11714592989492516,0.512237820081627,4.5215208433836205,4.121907721307789,3.080965056215571,0.09513067639723911,-0.06315225832823367,1.2203407844847782,1.649025248763438,0.9390363771317036,1.468873416074961,0.38422676946243695,-0.17764333146259959,1.1624351979480412,0.7979154429500506,0.9285814702155014,0.8023010719564022,0.14273612456000917,0.27525718611815736,0.8136911481123377
statsbomb:player:32289,Victor Okoh Boniface,18,23,23,1435.7420499999998,1395.5443333333335,3,Center Forward | Left Wing,-2.014415401911548,-1.2687341667306509,68.94087079933495,67.93962585034014,4.722827848887428,0.9647689715647599,0.9067086734333141,0.2738678414359949,37.72827284262057,38.64476625069845,7.367725683933909,-0.6267110464956072,-0.5815286520892943,0.36322300280062236,0.4665184669369341,0.45663265306122447,0.09989017793175971,0.3843691553870991,0.3132815333912671,0.7182974815413974,21.86243695112516,22.60956419565067,5.633132111537669,-1.3064956093975728,-1.280976488101528,0.19240709354973815,0.4301437206224846,0.4472222222222222,0.1324840013741308,-0.6661247148671188,-0.5849150335684316,0.6299723348641665,1.8057470048126978,1.6055813074505692,1.1693444107652633,-1.0497189096532662,-1.0777786191552061,0.16392151555533177,3.289039187337414,3.264935725293365,1.5727517571799199,-0.16117732789544226,-0.16910145662250092,0.5170496817770693,2.450656649388661,1.810514467044716,1.9291545082682973,-0.6461550176643571,-0.7675789412577605,0.365927314388384,2.8376024361342393,2.5857969587246696,1.3394845942197608,0.29815701520591675,0.19336244686360127,0.5574569357922421,0.6449096445759634,0.0,0.9954108276556085,-0.2671966223484192,-0.6796932713510393,0.6366839668816558,0.9210167694020469,0.8220431420502052,0.6730381209208717,2.144131014480177,1.8540804376725126,1.9723950754343358,10.834482028876186,10.672287858525277,7.328221368956855,-0.13982943222124258,-0.15956338205893456,0.8916149858013976,2.8376024361342393,2.421878403615747,2.1135306360332953,-0.5718532953830903,-0.7365176076086738,0.8371492656841802,0.38694578674557806,0.0,0.5676892796620091,-0.6145560890204603,-0.9207767594255964,0.44925722867273377,0.19347289337278903,0.0,0.7049863424601961,-0.47028755112092885,-0.6665071328213947,0.7149948647097492
