player_id,player_name,match_id,minutes,cosine_to_centroid,leave_one_out_cosine
statsbomb:player:28239,Adam Hložek,statsbomb:match:3895194,62.30918333333333,0.767603372222869,0.6631059451741494
statsbomb:player:28239,Adam Hložek,statsbomb:match:3895220,94.0664,0.8678317225051199,0.7361358836955154
statsbomb:player:28239,Adam Hložek,statsbomb:match:3895275,83.67051666666666,0.6407857369935279,0.3858279978524537
statsbomb:player:28239,Adam Hložek,statsbomb:match:3895292,31.966666666666665,0.3935118681651535,0.29217368549038214
statsbomb:player:28239,Adam Hložek,statsbomb:match:3895333,96.02663333333334,0.8465425640807961,0.6669634382246544
statsbomb:player:10336,Alejandro Grimaldo García,statsbomb:match:3895052,98.8651,0.5520291150527201,0.5211831026681479
statsbomb:player:10336,Alejandro Grimaldo García,statsbomb:match:3895060,99.82418333333334,0.6799500594861347,0.6587919060570964
statsbomb:player:10336,Alejandro Grimaldo García,statsbomb:match:3895074,100.45738333333333,0.62392706743477,0.588774292508576
statsbomb:player:10336,Alejandro Grimaldo García,statsbomb:match:3895086,85.25561666666665,0.5477138339457992,0.5203372993334897
statsbomb:player:10336,Alejandro Grimaldo García,statsbomb:match:3895095,96.33081666666666,0.2459452613237764,0.18410002064008152
statsbomb:player:10336,Alejandro Grimaldo García,statsbomb:match:3895107,97.13826666666667,0.6053879763682124,0.5739581700147937
statsbomb:player:10336,Alejandro Grimaldo García,statsbomb:match:3895113,96.30498333333334,0.7336244184630952,0.7090610928349341
statsbomb:player:10336,Alejandro Grimaldo García,statsbomb:match:3895121,91.14146666666666,0.709590870237045,0.6823901280582542
statsbomb:player:10336,Alejandro Grimaldo García,statsbomb:match:3895134,98.10436666666666,0.733853355765433,0.7158008750627083
statsbomb:player:10336,Alejandro Grimaldo García,statsbomb:match:3895139,93.98913333333333,0.7973156133954841,0.7802510520960159
statsbomb:player:10336,Alejandro Grimaldo García,statsbomb:match:3895153,94.12848333333335,0.6069342252990363,0.5809308414668961
statsbomb:player:10336,Alejandro Grimaldo García,statsbomb:match:3895158,98.57655,0.640472400915618,0.6130568644879444
statsbomb:player:10336,Alejandro Grimaldo García,statsbomb:match:3895167,99.17123333333332,0.8051858212358732,0.7860480986403509
statsbomb:player:10336,Alejandro Grimaldo García,statsbomb:match:3895180,96.92811666666667,0.5998027538628181,0.5686457728133538
statsbomb:player:10336,Alejandro Grimaldo García,statsbomb:match:3895182,97.11626666666666,0.592170430062772,0.5646718751448286
statsbomb:player:10336,Alejandro Grimaldo García,statsbomb:match:3895194,97.00015,0.8484643758779306,0.8364938225295372
statsbomb:player:10336,Alejandro Grimaldo García,statsbomb:match:3895202,98.48491666666665,0.8585579376156727,0.8419513767541184
statsbomb:player:10336,Alejandro Grimaldo García,statsbomb:match:3895210,95.49,0.6934435012164083,0.6719499980745727
statsbomb:player:10336,Alejandro Grimaldo García,statsbomb:match:3895220,96.19848333333333,0.8795730226220652,0.8671410015055415
statsbomb:player:10336,Alejandro Grimaldo García,statsbomb:match:3895232,91.29651666666668,0.745832232148442,0.7282781333444458
statsbomb:player:10336,Alejandro Grimaldo García,statsbomb:match:3895244,97.69043333333335,0.6296646803281807,0.5865143739122207
statsbomb:player:10336,Alejandro Grimaldo García,statsbomb:match:3895250,96.85481666666668,0.8049629605005235,0.7875010556986916
statsbomb:player:10336,Alejandro Grimaldo García,statsbomb:match:3895258,96.84403333333333,0.775654108195456,0.7529655376877014
statsbomb:player:10336,Alejandro Grimaldo García,statsbomb:match:3895266,91.23916666666668,0.6365535270845942,0.6072604115455296
statsbomb:player:10336,Alejandro Grimaldo García,statsbomb:match:3895275,95.33855,0.8921890899938048,0.8828968680992093
statsbomb:player:10336,Alejandro Grimaldo García,statsbomb:match:3895286,99.18626666666665,0.7574810649227821,0.7283195466614099
statsbomb:player:10336,Alejandro Grimaldo García,statsbomb:match:3895292,104.90231666666666,0.8122964547587505,0.7915596619565136
statsbomb:player:10336,Alejandro Grimaldo García,statsbomb:match:3895309,102.03961666666667,0.8621319819137127,0.8498058232852587
statsbomb:player:10336,Alejandro Grimaldo García,statsbomb:match:3895320,90.19406666666667,0.6445581141694784,0.6209368095843818
statsbomb:player:10336,Alejandro Grimaldo García,statsbomb:match:3895348,72.04833333333333,0.7774937345971545,0.7587405429410032
statsbomb:player:33401,Amine Adli,statsbomb:match:3895095,31.43008333333334,0.8113025802129714,0.7834373516841786
statsbomb:player:33401,Amine Adli,statsbomb:match:3895113,61.573816666666666,0.6739395500981249,0.5894627026312768
statsbomb:player:33401,Amine Adli,statsbomb:match:3895158,31.236483333333332,0.20228802215696196,0.1525010846262333
statsbomb:player:33401,Amine Adli,statsbomb:match:3895167,69.3399,0.6756066824399606,0.5786916966462414
statsbomb:player:33401,Amine Adli,statsbomb:match:3895232,84.37985,0.6964786673210767,0.5642627542046966
statsbomb:player:33401,Amine Adli,statsbomb:match:3895244,89.65753333333333,0.7889809747635244,0.7068801024868948
statsbomb:player:33401,Amine Adli,statsbomb:match:3895250,85.02244999999999,0.6011978822561538,0.5008292838092477
statsbomb:player:33401,Amine Adli,statsbomb:match:3895266,31.60440000000001,0.6488357084189805,0.6103863140188058
statsbomb:player:33401,Amine Adli,statsbomb:match:3895286,39.24994999999999,0.13948171475466273,-0.029734970756713344
statsbomb:player:33401,Amine Adli,statsbomb:match:3895292,72.93565,0.7601802654793954,0.7055821207348146
statsbomb:player:33401,Amine Adli,statsbomb:match:3895302,49.03653333333333,0.6955149214325549,0.6377976278656746
statsbomb:player:33401,Amine Adli,statsbomb:match:3895320,99.78531666666666,0.6404948165051303,0.5416375264027002
statsbomb:player:33401,Amine Adli,statsbomb:match:3895348,65.28166666666667,0.7286658728875492,0.688589812173393
statsbomb:player:30606,Edmond Fayçal Tapsoba,statsbomb:match:3895052,98.8651,0.700360827584648,0.6792794308980603
statsbomb:player:30606,Edmond Fayçal Tapsoba,statsbomb:match:3895060,99.82418333333334,0.8427756450024301,0.820667769294026
statsbomb:player:30606,Edmond Fayçal Tapsoba,statsbomb:match:3895067,98.1688,0.8795426037007775,0.8581444692607706
statsbomb:player:30606,Edmond Fayçal Tapsoba,statsbomb:match:3895074,91.36468333333332,0.6332312738031752,0.6041990176964336
statsbomb:player:30606,Edmond Fayçal Tapsoba,statsbomb:match:3895086,97.38773333333333,0.841697029106139,0.8190622374764054
statsbomb:player:30606,Edmond Fayçal Tapsoba,statsbomb:match:3895095,96.33081666666666,0.7041492794263681,0.6816014400403877
statsbomb:player:30606,Edmond Fayçal Tapsoba,statsbomb:match:3895107,74.59695,0.9033938046992187,0.8952755165428367
statsbomb:player:30606,Edmond Fayçal Tapsoba,statsbomb:match:3895113,96.30498333333334,0.7657429460615867,0.7404296338218176
statsbomb:player:30606,Edmond Fayçal Tapsoba,statsbomb:match:3895121,96.81746666666666,0.7844790454440165,0.7613911603565215
statsbomb:player:30606,Edmond Fayçal Tapsoba,statsbomb:match:3895134,98.10436666666666,0.7355958863192089,0.7144604300476417
statsbomb:player:30606,Edmond Fayçal Tapsoba,statsbomb:match:3895158,98.57655,0.8923943475432017,0.8782692845551195
statsbomb:player:30606,Edmond Fayçal Tapsoba,statsbomb:match:3895167,99.17123333333332,0.7100188527099044,0.6884698075379265
statsbomb:player:30606,Edmond Fayçal Tapsoba,statsbomb:match:3895180,96.92811666666667,0.646613841185763,0.6190954791801175
statsbomb:player:30606,Edmond Fayçal Tapsoba,statsbomb:match:3895232,97.66981666666668,0.22742700354621986,0.1699376146691264
statsbomb:player:30606,Edmond Fayçal Tapsoba,statsbomb:match:3895250,96.85481666666668,0.8715640763308783,0.8570068649998301
statsbomb:player:30606,Edmond Fayçal Tapsoba,statsbomb:match:3895266,91.23916666666668,0.7243061316906907,0.6866872245084465
statsbomb:player:30606,Edmond Fayçal Tapsoba,statsbomb:match:3895286,88.86965000000001,0.5402236916708564,0.4953699847846269
statsbomb:player:30606,Edmond Fayçal Tapsoba,statsbomb:match:3895302,93.905,0.87154380136973,0.8573128539878038
statsbomb:player:30606,Edmond Fayçal Tapsoba,statsbomb:match:3895309,102.03961666666667,0.7518398585616757,0.7211108886698931
statsbomb:player:30606,Edmond Fayçal Tapsoba,statsbomb:match:3895320,99.78531666666666,0.7354491509799911,0.710971185538248
statsbomb:player:30606,Edmond Fayçal Tapsoba,statsbomb:match:3895333,96.02663333333334,0.7920324061327727,0.77170758012435
statsbomb:player:30606,Edmond Fayçal Tapsoba,statsbomb:match:3895340,96.27145,0.7652501918223736,0.7194149497648619
statsbomb:player:30606,Edmond Fayçal Tapsoba,statsbomb:match:3895348,96.43335,0.9390518017584866,0.9324326720804906
statsbomb:player:28268,Exequiel Alejandro Palacios,statsbomb:match:3895052,98.8651,0.5350783883817508,0.4888998441247132
statsbomb:player:28268,Exequiel Alejandro Palacios,statsbomb:match:3895060,75.62336666666667,0.7661150973511747,0.7347541174296053
statsbomb:player:28268,Exequiel Alejandro Palacios,statsbomb:match:3895067,69.9942,0.3536620030047734,0.29509060475537335
statsbomb:player:28268,Exequiel Alejandro Palacios,statsbomb:match:3895074,53.409366666666656,0.46761742637117265,0.40450397657888215
statsbomb:player:28268,Exequiel Alejandro Palacios,statsbomb:match:3895086,71.67228333333333,0.95225910559989,0.9435766757562496
statsbomb:player:28268,Exequiel Alejandro Palacios,statsbomb:match:3895095,96.33081666666666,0.5139746938165901,0.4679800634316742
statsbomb:player:28268,Exequiel Alejandro Palacios,statsbomb:match:3895107,97.13826666666667,0.7181207627153008,0.6811679831254933
statsbomb:player:28268,Exequiel Alejandro Palacios,statsbomb:match:3895113,96.30498333333334,0.4393817312005295,0.39902282803929895
statsbomb:player:28268,Exequiel Alejandro Palacios,statsbomb:match:3895121,96.81746666666666,0.7977223803977413,0.7693069431651464
statsbomb:player:28268,Exequiel Alejandro Palacios,statsbomb:match:3895134,98.10436666666666,0.770798863766733,0.7438625309286964
statsbomb:player:28268,Exequiel Alejandro Palacios,statsbomb:match:3895139,87.93378333333334,0.7319571572526703,0.6981731601382364
statsbomb:player:28268,Exequiel Alejandro Palacios,statsbomb:match:3895153,94.12848333333335,0.8576709409626199,0.8342050671948714
statsbomb:player:28268,Exequiel Alejandro Palacios,statsbomb:match:3895158,82.09006666666667,0.8376942451532076,0.8058462343752525
statsbomb:player:28268,Exequiel Alejandro Palacios,statsbomb:match:3895167,87.77323333333334,0.43271741697826027,0.3738103416094503
statsbomb:player:28268,Exequiel Alejandro Palacios,statsbomb:match:3895180,82.99665,0.8517892609956148,0.8290223630543228
statsbomb:player:28268,Exequiel Alejandro Palacios,statsbomb:match:3895194,97.00015,0.6112412297741072,0.5523465449488711
statsbomb:player:28268,Exequiel Alejandro Palacios,statsbomb:match:3895202,91.19523333333333,0.912332906380872,0.8998439025891642
statsbomb:player:28268,Exequiel Alejandro Palacios,statsbomb:match:3895266,90.30143333333332,0.7471164552727957,0.6957739402864269
statsbomb:player:28268,Exequiel Alejandro Palacios,statsbomb:match:3895320,99.78531666666666,0.6134584621838582,0.5681140804162002
statsbomb:player:28268,Exequiel Alejandro Palacios,statsbomb:match:3895333,96.02663333333334,-0.02384047089291763,-0.08923140514819337
statsbomb:player:28268,Exequiel Alejandro Palacios,statsbomb:match:3895348,71.99833333333332,0.7186796122513959,0.6858469728479354
statsbomb:player:40724,Florian Wirtz,statsbomb:match:3895052,77.60658333333335,0.0990498643667029,0.05569443701874354
statsbomb:player:40724,Florian Wirtz,statsbomb:match:3895060,99.82418333333334,0.6349925701354054,0.5739788852556447
statsbomb:player:40724,Florian Wirtz,statsbomb:match:3895067,83.51086666666667,0.4456258690056573,0.41249685223856913
statsbomb:player:40724,Florian Wirtz,statsbomb:match:3895086,71.62228333333333,0.7852104679382734,0.76694575215382
statsbomb:player:40724,Florian Wirtz,statsbomb:match:3895095,64.90073333333333,0.45515558447691656,0.41405791314219015
statsbomb:player:40724,Florian Wirtz,statsbomb:match:3895107,74.86361666666667,0.6590706858800464,0.6315108729203744
statsbomb:player:40724,Florian Wirtz,statsbomb:match:3895113,34.73116666666667,0.5401066165155499,0.5201300593444821
statsbomb:player:40724,Florian Wirtz,statsbomb:match:3895121,91.14146666666666,0.7485364930054056,0.7233045900457612
statsbomb:player:40724,Florian Wirtz,statsbomb:match:3895134,92.90441666666666,0.6550849274108692,0.6216585665585375
statsbomb:player:40724,Florian Wirtz,statsbomb:match:3895139,87.96711666666667,0.7040693598367583,0.6679611372367618
statsbomb:player:40724,Florian Wirtz,statsbomb:match:3895153,81.18211666666666,0.7153120399560812,0.6852456868566399
statsbomb:player:40724,Florian Wirtz,statsbomb:match:3895158,98.57655,0.7172679606559748,0.6811446713601077
statsbomb:player:40724,Florian Wirtz,statsbomb:match:3895167,99.17123333333332,0.5071065464350262,0.4419872814100523
statsbomb:player:40724,Florian Wirtz,statsbomb:match:3895180,87.96331666666667,0.7484310022151633,0.7113105229836609
statsbomb:player:40724,Florian Wirtz,statsbomb:match:3895182,89.70043333333334,0.5433740523270558,0.5256047198916279
statsbomb:player:40724,Florian Wirtz,statsbomb:match:3895194,34.69096666666667,0.5588006300655181,0.5391936735122655
statsbomb:player:40724,Florian Wirtz,statsbomb:match:3895202,98.48491666666665,0.8148709256130959,0.7978857406694738
statsbomb:player:40724,Florian Wirtz,statsbomb:match:3895210,95.49,0.8285593706563932,0.801436929597861
statsbomb:player:40724,Florian Wirtz,statsbomb:match:3895220,77.99973333333334,0.3950087140434914,0.3495052668277769
statsbomb:player:40724,Florian Wirtz,statsbomb:match:3895232,91.36318333333334,0.5356650999427094,0.48730442997642076
statsbomb:player:40724,Florian Wirtz,statsbomb:match:3895244,89.70753333333333,0.81161627362539,0.7880693270884884
statsbomb:player:40724,Florian Wirtz,statsbomb:match:3895250,91.87245,0.4409837043986971,0.41467812593989706
statsbomb:player:40724,Florian Wirtz,statsbomb:match:3895258,96.84403333333333,0.5429298185831714,0.5088923736947036
statsbomb:player:40724,Florian Wirtz,statsbomb:match:3895266,90.38476666666665,0.5795290889956413,0.5505817132269153
statsbomb:player:40724,Florian Wirtz,statsbomb:match:3895275,95.33855,0.6370475655969633,0.6032513525299981
statsbomb:player:40724,Florian Wirtz,statsbomb:match:3895286,99.18626666666665,0.7392432624622646,0.687447837971205
statsbomb:player:40724,Florian Wirtz,statsbomb:match:3895292,104.90231666666666,0.687864560216216,0.6599593070125467
statsbomb:player:40724,Florian Wirtz,statsbomb:match:3895302,44.86846666666667,0.6244113818353106,0.5854708596768715
statsbomb:player:40724,Florian Wirtz,statsbomb:match:3895348,31.151683333333335,0.5579377371495847,0.5387031626776733
statsbomb:player:3500,Granit Xhaka,statsbomb:match:3895052,98.8651,-0.07558739531566079,-0.1042043895258802
statsbomb:player:3500,Granit Xhaka,statsbomb:match:3895060,99.82418333333334,0.7363398006740598,0.7071215607682557
statsbomb:player:3500,Granit Xhaka,statsbomb:match:3895067,83.86086666666667,0.851078860733063,0.8336302295227649
statsbomb:player:3500,Granit Xhaka,statsbomb:match:3895074,100.45738333333333,0.3792448164219159,0.33145346078229765
statsbomb:player:3500,Granit Xhaka,statsbomb:match:3895086,97.38773333333333,0.7291973438139795,0.7054561673786256
statsbomb:player:3500,Granit Xhaka,statsbomb:match:3895095,80.70073333333333,0.22914084575934443,0.1871513715712277
statsbomb:player:3500,Granit Xhaka,statsbomb:match:3895113,96.30498333333334,0.7711104003940927,0.755843145668895
statsbomb:player:3500,Granit Xhaka,statsbomb:match:3895121,96.81746666666666,0.8445487235106274,0.8344893907785461
statsbomb:player:3500,Granit Xhaka,statsbomb:match:3895134,98.10436666666666,0.4175470748699879,0.39079434756930487
statsbomb:player:3500,Granit Xhaka,statsbomb:match:3895139,93.98913333333333,0.8397079573854931,0.8207126395317077
statsbomb:player:3500,Granit Xhaka,statsbomb:match:3895153,89.93211666666666,0.7159736627734902,0.6998114308330363
statsbomb:player:3500,Granit Xhaka,statsbomb:match:3895158,98.57655,0.8395660440063915,0.8140891123864956
statsbomb:player:3500,Granit Xhaka,statsbomb:match:3895167,99.17123333333332,0.3082821495142745,0.27519189932207455
statsbomb:player:3500,Granit Xhaka,statsbomb:match:3895180,96.92811666666667,0.6928035615562758,0.6698540365142703
statsbomb:player:3500,Granit Xhaka,statsbomb:match:3895182,97.11626666666666,0.6303587569711867,0.5977897446140785
statsbomb:player:3500,Granit Xhaka,statsbomb:match:3895194,97.00015,0.8586776600000733,0.8398462390391578
statsbomb:player:3500,Granit Xhaka,statsbomb:match:3895202,98.48491666666665,0.6545434704899341,0.6347050503277902
statsbomb:player:3500,Granit Xhaka,statsbomb:match:3895210,95.49,0.8578713639797737,0.8364864922708686
statsbomb:player:3500,Granit Xhaka,statsbomb:match:3895220,90.14973333333334,0.776308404820184,0.7462369861941842
statsbomb:player:3500,Granit Xhaka,statsbomb:match:3895244,97.69043333333335,0.6943055097534891,0.6771961347889074
statsbomb:player:3500,Granit Xhaka,statsbomb:match:3895250,96.85481666666668,0.8726942906340367,0.8624400838048167
statsbomb:player:3500,Granit Xhaka,statsbomb:match:3895258,85.45471666666666,0.8816723850796339,0.864776955888692
statsbomb:player:3500,Granit Xhaka,statsbomb:match:3895266,91.23916666666668,0.9165463341588315,0.9002555988266295
statsbomb:player:3500,Granit Xhaka,statsbomb:match:3895275,95.33855,0.7229066390273182,0.7040174157174074
statsbomb:player:3500,Granit Xhaka,statsbomb:match:3895286,99.18626666666665,0.9023091562112182,0.8888947473446195
statsbomb:player:3500,Granit Xhaka,statsbomb:match:3895292,104.90231666666666,0.7306933684685054,0.7121838080752988
statsbomb:player:3500,Granit Xhaka,statsbomb:match:3895302,80.81986666666667,0.5999956458695898,0.5786309788937846
statsbomb:player:3500,Granit Xhaka,statsbomb:match:3895309,102.03961666666667,0.09712420642288701,0.07151238796147145
statsbomb:player:3500,Granit Xhaka,statsbomb:match:3895340,80.92013333333334,0.7963685273888438,0.7824377311678414
statsbomb:player:32712,Jeremie Frimpong,statsbomb:match:3895060,75.44003333333333,0.7440541184058359,0.7238250320118242
statsbomb:player:32712,Jeremie Frimpong,statsbomb:match:3895067,75.0942,0.8031325269889249,0.7878838795467122
statsbomb:player:32712,Jeremie Frimpong,statsbomb:match:3895074,83.14801666666666,0.5939935899314236,0.5677775780922689
statsbomb:player:32712,Jeremie Frimpong,statsbomb:match:3895086,79.65561666666666,0.777760424062741,0.7565438937239888
statsbomb:player:32712,Jeremie Frimpong,statsbomb:match:3895095,87.68406666666667,0.6437710123618108,0.6173519044315657
statsbomb:player:32712,Jeremie Frimpong,statsbomb:match:3895107,83.84695,0.8426671311454477,0.8280822024961281
statsbomb:player:32712,Jeremie Frimpong,statsbomb:match:3895113,89.65715,0.7550347536003786,0.7287408963039896
statsbomb:player:32712,Jeremie Frimpong,statsbomb:match:3895121,85.8748,0.8512595620700937,0.8372431849082967
statsbomb:player:32712,Jeremie Frimpong,statsbomb:match:3895134,98.10436666666666,0.9066329663248043,0.8968943466707187
statsbomb:player:32712,Jeremie Frimpong,statsbomb:match:3895139,81.61711666666666,0.8391962061381388,0.8275948609337181
statsbomb:player:32712,Jeremie Frimpong,statsbomb:match:3895153,81.18211666666666,0.9181280471596465,0.9100378169726437
statsbomb:player:32712,Jeremie Frimpong,statsbomb:match:3895158,98.57655,0.7294440757472358,0.7096306707831969
statsbomb:player:32712,Jeremie Frimpong,statsbomb:match:3895167,99.17123333333332,0.8616430013352109,0.8462985524650538
statsbomb:player:32712,Jeremie Frimpong,statsbomb:match:3895180,83.02998333333333,0.7538484282136617,0.7337963677425665
statsbomb:player:32712,Jeremie Frimpong,statsbomb:match:3895182,97.11626666666666,0.8536884932831361,0.8374487344190601
statsbomb:player:32712,Jeremie Frimpong,statsbomb:match:3895194,97.00015,0.8337154379512588,0.8122064400042153
statsbomb:player:32712,Jeremie Frimpong,statsbomb:match:3895210,95.49,0.9217860553568658,0.9121641086199289
statsbomb:player:32712,Jeremie Frimpong,statsbomb:match:3895232,31.256633333333337,0.5638394461508478,0.5518424254352373
statsbomb:player:32712,Jeremie Frimpong,statsbomb:match:3895244,90.54086666666667,0.8485646682436254,0.837578035473161
statsbomb:player:32712,Jeremie Frimpong,statsbomb:match:3895250,85.13911666666667,0.9364730480220622,0.9315065587346234
statsbomb:player:32712,Jeremie Frimpong,statsbomb:match:3895258,48.871383333333334,0.6118963629619134,0.587847068088804
statsbomb:player:32712,Jeremie Frimpong,statsbomb:match:3895275,83.55385,0.8940941169449241,0.8818959637388522
statsbomb:player:32712,Jeremie Frimpong,statsbomb:match:3895286,88.96965,0.737066391745892,0.7121866786223768
statsbomb:player:32712,Jeremie Frimpong,statsbomb:match:3895309,102.03961666666667,0.8666571356551053,0.8516638579322015
statsbomb:player:32712,Jeremie Frimpong,statsbomb:match:3895320,90.12740000000001,0.8425498462228574,0.8272828199234113
statsbomb:player:32712,Jeremie Frimpong,statsbomb:match:3895348,84.99833333333332,0.8377771668583104,0.8168032978924735
statsbomb:player:8804,Jonas Hofmann,statsbomb:match:3895052,91.32325,0.4788150160916941,0.41531222726749845
statsbomb:player:8804,Jonas Hofmann,statsbomb:match:3895060,87.42336666666667,0.592463771190864,0.5637258321515508
statsbomb:player:8804,Jonas Hofmann,statsbomb:match:3895067,98.1688,0.7852752802252592,0.7629157900433637
statsbomb:player:8804,Jonas Hofmann,statsbomb:match:3895074,96.89801666666666,0.10627060405795283,0.05588473395162414
statsbomb:player:8804,Jonas Hofmann,statsbomb:match:3895086,97.38773333333333,0.6865983155666658,0.6568572163038658
statsbomb:player:8804,Jonas Hofmann,statsbomb:match:3895095,87.78406666666666,0.2885666406661833,0.2464943117782139
statsbomb:player:8804,Jonas Hofmann,statsbomb:match:3895107,91.61361666666667,0.8613524079269401,0.8373105567395648
statsbomb:player:8804,Jonas Hofmann,statsbomb:match:3895113,89.40715,0.5713645677896141,0.5450208568972685
statsbomb:player:8804,Jonas Hofmann,statsbomb:match:3895121,85.89146666666666,0.7500013945055666,0.7202564715479558
statsbomb:player:8804,Jonas Hofmann,statsbomb:match:3895134,82.03774999999999,0.6678712926964077,0.6382142890052512
statsbomb:player:8804,Jonas Hofmann,statsbomb:match:3895139,81.71711666666667,0.8207505359553504,0.8047100450431339
statsbomb:player:8804,Jonas Hofmann,statsbomb:match:3895153,89.78211666666667,0.46309997083553534,0.39890609106832464
statsbomb:player:8804,Jonas Hofmann,statsbomb:match:3895158,67.34006666666667,0.8270826644895715,0.8084292905070398
statsbomb:player:8804,Jonas Hofmann,statsbomb:match:3895180,83.44665,0.5336773319412809,0.4922414213824418
statsbomb:player:8804,Jonas Hofmann,statsbomb:match:3895182,75.5671,0.4737451564925893,0.44435340485555286
statsbomb:player:8804,Jonas Hofmann,statsbomb:match:3895194,97.00015,0.7751530058887893,0.7391005512358109
statsbomb:player:8804,Jonas Hofmann,statsbomb:match:3895202,98.48491666666665,0.7849587464117888,0.7641484563421406
statsbomb:player:8804,Jonas Hofmann,statsbomb:match:3895210,84.20093333333334,0.8171244736651724,0.7957178009960351
statsbomb:player:8804,Jonas Hofmann,statsbomb:match:3895250,58.455783333333336,0.47379559754461587,0.44687402761091544
statsbomb:player:8804,Jonas Hofmann,statsbomb:match:3895258,68.27138333333332,0.7271419227866726,0.7059292735213026
statsbomb:player:8804,Jonas Hofmann,statsbomb:match:3895286,59.93631666666667,0.8184609659495061,0.8031960150480812
statsbomb:player:8804,Jonas Hofmann,statsbomb:match:3895302,93.905,0.9320297867064535,0.91810700381167
statsbomb:player:8804,Jonas Hofmann,statsbomb:match:3895309,86.48315,0.7216779242318456,0.6924420864055257
statsbomb:player:8804,Jonas Hofmann,statsbomb:match:3895320,75.09406666666668,0.6643880036950436,0.6447557402007046
statsbomb:player:8804,Jonas Hofmann,statsbomb:match:3895333,96.02663333333334,0.6755197948832915,0.631038117337483
statsbomb:player:8804,Jonas Hofmann,statsbomb:match:3895340,30.90131666666667,0.5437894600893904,0.5012890575047857
statsbomb:player:8804,Jonas Hofmann,statsbomb:match:3895348,96.43335,0.6517435761186863,0.6241214249930087
statsbomb:player:8221,Jonathan Tah,statsbomb:match:3895052,98.8651,0.7972529130913468,0.780962894949795
statsbomb:player:8221,Jonathan Tah,statsbomb:match:3895060,99.82418333333334,0.8179532147948121,0.8029262836572751
statsbomb:player:8221,Jonathan Tah,statsbomb:match:3895067,75.1442,0.6361989851267732,0.6089252996169003
statsbomb:player:8221,Jonathan Tah,statsbomb:match:3895074,100.45738333333333,0.6811900256527258,0.6608586335079422
statsbomb:player:8221,Jonathan Tah,statsbomb:match:3895086,97.38773333333333,0.9385232797852294,0.9327195863731204
statsbomb:player:8221,Jonathan Tah,statsbomb:match:3895095,96.33081666666666,0.8311617214717133,0.8181679267484047
statsbomb:player:8221,Jonathan Tah,statsbomb:match:3895107,97.13826666666667,0.8545577876999969,0.8381972735375114
statsbomb:player:8221,Jonathan Tah,statsbomb:match:3895113,96.30498333333334,0.824028861694292,0.8074014438570759
statsbomb:player:8221,Jonathan Tah,statsbomb:match:3895121,96.81746666666666,0.8057998853863066,0.7895226555778926
statsbomb:player:8221,Jonathan Tah,statsbomb:match:3895134,98.10436666666666,0.8367965968413167,0.8207798810507342
statsbomb:player:8221,Jonathan Tah,statsbomb:match:3895139,93.98913333333333,0.6864430825165609,0.663249491155416
statsbomb:player:8221,Jonathan Tah,statsbomb:match:3895158,98.57655,0.8062903504604546,0.789435226156136
statsbomb:player:8221,Jonathan Tah,statsbomb:match:3895167,99.17123333333332,0.5361046784714818,0.5074547254687852
statsbomb:player:8221,Jonathan Tah,statsbomb:match:3895180,96.92811666666667,0.8321450158808621,0.8165800509140279
statsbomb:player:8221,Jonathan Tah,statsbomb:match:3895182,69.83376666666666,0.8271308249060176,0.815590982218535
statsbomb:player:8221,Jonathan Tah,statsbomb:match:3895202,98.48491666666665,0.6572744977971032,0.6352280806005636
statsbomb:player:8221,Jonathan Tah,statsbomb:match:3895220,96.19848333333333,0.7741000333808035,0.7543883828556831
statsbomb:player:8221,Jonathan Tah,statsbomb:match:3895232,97.66981666666668,0.5798681304879741,0.5451076702339112
statsbomb:player:8221,Jonathan Tah,statsbomb:match:3895244,97.69043333333335,0.8290420099325777,0.8131619542027887
statsbomb:player:8221,Jonathan Tah,statsbomb:match:3895250,96.85481666666668,0.7173571039231604,0.7002594542770282
statsbomb:player:8221,Jonathan Tah,statsbomb:match:3895258,96.84403333333333,0.5170675512195584,0.4454224805044633
statsbomb:player:8221,Jonathan Tah,statsbomb:match:3895266,91.23916666666668,0.7198606701387077,0.6924585509365612
statsbomb:player:8221,Jonathan Tah,statsbomb:match:3895275,95.33855,0.7882128079909382,0.7713723759011465
statsbomb:player:8221,Jonathan Tah,statsbomb:match:3895286,99.18626666666665,0.6063201405124946,0.5698022391675844
statsbomb:player:8221,Jonathan Tah,statsbomb:match:3895292,104.90231666666666,0.6126936401006743,0.5884401793209547
statsbomb:player:8221,Jonathan Tah,statsbomb:match:3895302,93.905,0.8126456689529212,0.7990420712495646
statsbomb:player:8221,Jonathan Tah,statsbomb:match:3895309,102.03961666666667,0.5737537449897441,0.5494318785658439
statsbomb:player:8221,Jonathan Tah,statsbomb:match:3895320,47.044066666666666,0.7223278334087949,0.708168229941736
statsbomb:player:8221,Jonathan Tah,statsbomb:match:3895340,96.27145,0.6748681000463189,0.6408619059890862
statsbomb:player:8221,Jonathan Tah,statsbomb:match:3895348,96.43335,0.6940752643804999,0.6617861051778634
statsbomb:player:49337,Josip Stanišić,statsbomb:match:3895113,89.92381666666667,0.6648184490797732,0.6093096237184341
statsbomb:player:49337,Josip Stanišić,statsbomb:match:3895134,50.49995,0.37191359156375203,0.3030358511638741
statsbomb:player:49337,Josip Stanišić,statsbomb:match:3895182,97.11626666666666,0.7467252526300251,0.6865119572618011
statsbomb:player:49337,Josip Stanišić,statsbomb:match:3895194,97.00015,0.7305593021483939,0.6517792522552543
statsbomb:player:49337,Josip Stanišić,statsbomb:match:3895202,98.48491666666665,0.7263876242892007,0.682890536759892
statsbomb:player:49337,Josip Stanišić,statsbomb:match:3895210,95.49,0.6486624268918869,0.5227147392866458
statsbomb:player:49337,Josip Stanišić,statsbomb:match:3895220,96.19848333333333,0.5315110189900051,0.43503359128836205
statsbomb:player:49337,Josip Stanišić,statsbomb:match:3895232,97.66981666666668,0.4249478053548004,0.3188100974130495
statsbomb:player:49337,Josip Stanišić,statsbomb:match:3895244,97.69043333333335,0.5813992417996104,0.5195411877737527
statsbomb:player:49337,Josip Stanišić,statsbomb:match:3895258,96.84403333333333,0.7668942794805943,0.7002858375673703
statsbomb:player:49337,Josip Stanišić,statsbomb:match:3895266,91.23916666666668,0.5937182416795869,0.5321907536055414
statsbomb:player:49337,Josip Stanišić,statsbomb:match:3895275,95.33855,0.6454512630715005,0.5874987055918064
statsbomb:player:49337,Josip Stanišić,statsbomb:match:3895309,102.03961666666667,0.7894903293462942,0.7352326014683811
statsbomb:player:49337,Josip Stanišić,statsbomb:match:3895340,96.27145,0.537569713060918,0.45406830275840754
statsbomb:player:8667,Lukáš Hrádecký,statsbomb:match:3895052,98.8651,0.9906700849508978,0.9900478545733584
statsbomb:player:8667,Lukáš Hrádecký,statsbomb:match:3895060,99.82418333333334,0.972937467124871,0.9710872643101471
statsbomb:player:8667,Lukáš Hrádecký,statsbomb:match:3895067,98.1688,0.9631869037732138,0.9608447745705507
statsbomb:player:8667,Lukáš Hrádecký,statsbomb:match:3895074,100.45738333333333,0.9441354343353765,0.9405059535262633
statsbomb:player:8667,Lukáš Hrádecký,statsbomb:match:3895086,97.38773333333333,0.9511865167431359,0.9478242780243605
statsbomb:player:8667,Lukáš Hrádecký,statsbomb:match:3895095,96.33081666666666,0.9845679155318783,0.9836054465883872
statsbomb:player:8667,Lukáš Hrádecký,statsbomb:match:3895107,97.13826666666667,0.9891439245999377,0.988467775673126
statsbomb:player:8667,Lukáš Hrádecký,statsbomb:match:3895113,96.30498333333334,0.9159384182007391,0.9106207653838794
statsbomb:player:8667,Lukáš Hrádecký,statsbomb:match:3895121,96.81746666666666,0.9823403959508912,0.9812487898294179
statsbomb:player:8667,Lukáš Hrádecký,statsbomb:match:3895134,98.10436666666666,0.9747912183086977,0.9732148530043724
statsbomb:player:8667,Lukáš Hrádecký,statsbomb:match:3895139,93.98913333333333,0.9650089501629175,0.9628937558312788
statsbomb:player:8667,Lukáš Hrádecký,statsbomb:match:3895153,94.12848333333335,0.9474500072689219,0.9442520563728231
statsbomb:player:8667,Lukáš Hrádecký,statsbomb:match:3895158,98.57655,0.9473887218144423,0.9440335521527672
statsbomb:player:8667,Lukáš Hrádecký,statsbomb:match:3895167,99.17123333333332,0.9862356800334275,0.9853266162280707
statsbomb:player:8667,Lukáš Hrádecký,statsbomb:match:3895180,96.92811666666667,0.9927127158415636,0.9922630258177656
statsbomb:player:8667,Lukáš Hrádecký,statsbomb:match:3895182,97.11626666666666,0.9929845838328478,0.9925425142213846
statsbomb:player:8667,Lukáš Hrádecký,statsbomb:match:3895194,97.00015,0.9864679118550791,0.9856229306036639
statsbomb:player:8667,Lukáš Hrádecký,statsbomb:match:3895202,98.48491666666665,0.943185750852454,0.939306709511534
statsbomb:player:8667,Lukáš Hrádecký,statsbomb:match:3895220,96.19848333333333,0.9909790414539335,0.9904285182889563
statsbomb:player:8667,Lukáš Hrádecký,statsbomb:match:3895232,97.66981666666668,0.9635278425607829,0.9611631282767333
statsbomb:player:8667,Lukáš Hrádecký,statsbomb:match:3895244,97.69043333333335,0.9597376128665113,0.9571835131922732
statsbomb:player:8667,Lukáš Hrádecký,statsbomb:match:3895250,96.85481666666668,0.9917865116108452,0.9912511819828633
statsbomb:player:8667,Lukáš Hrádecký,statsbomb:match:3895258,96.84403333333333,0.9754972258542963,0.9738704190963982
statsbomb:player:8667,Lukáš Hrádecký,statsbomb:match:3895266,91.23916666666668,0.9762751387768038,0.9748194565145369
statsbomb:player:8667,Lukáš Hrádecký,statsbomb:match:3895275,95.33855,0.9618210106353571,0.9593398445145436
statsbomb:player:8667,Lukáš Hrádecký,statsbomb:match:3895286,99.18626666666665,0.9547399387001596,0.9515882582479458
statsbomb:player:8667,Lukáš Hrádecký,statsbomb:match:3895292,104.90231666666666,0.9426083497957145,0.9385066391507135
statsbomb:player:8667,Lukáš Hrádecký,statsbomb:match:3895302,93.905,0.9790673536915773,0.9777723176053202
statsbomb:player:8667,Lukáš Hrádecký,statsbomb:match:3895309,102.03961666666667,0.9634225974682382,0.9608995106864292
statsbomb:player:8667,Lukáš Hrádecký,statsbomb:match:3895320,99.78531666666666,0.9871172985302519,0.9862754952731104
statsbomb:player:8667,Lukáš Hrádecký,statsbomb:match:3895333,96.02663333333334,0.9592403970839233,0.956528030392464
statsbomb:player:8667,Lukáš Hrádecký,statsbomb:match:3895340,96.27145,0.9126179982902366,0.907137416279746
statsbomb:player:8667,Lukáš Hrádecký,statsbomb:match:3895348,96.43335,0.9916827055916935,0.9911426144597691
statsbomb:player:41411,Nathan Tella,statsbomb:match:3895202,67.83491666666666,0.7536593186771303,0.6633918863446034
statsbomb:player:41411,Nathan Tella,statsbomb:match:3895220,96.19848333333333,0.9086883506230085,0.8775281420810523
statsbomb:player:41411,Nathan Tella,statsbomb:match:3895232,66.41318333333334,0.6558854838160812,0.5883049160763988
statsbomb:player:41411,Nathan Tella,statsbomb:match:3895258,47.97265,0.6800506725726279,0.622548464620241
statsbomb:player:41411,Nathan Tella,statsbomb:match:3895266,76.51809999999999,0.9277732894958581,0.8985446273690356
statsbomb:player:41411,Nathan Tella,statsbomb:match:3895292,86.22233333333334,0.7401660774262796,0.6514245294158911
statsbomb:player:41411,Nathan Tella,statsbomb:match:3895309,72.64981666666667,0.5566386536785684,0.44411031334229034
statsbomb:player:41411,Nathan Tella,statsbomb:match:3895333,72.97811666666666,0.8769749524918131,0.8379182481745264
statsbomb:player:41411,Nathan Tella,statsbomb:match:3895340,81.30346666666668,0.8763991480451246,0.8346099158976505
statsbomb:player:27133,Odilon Kossonou,statsbomb:match:3895052,98.8651,0.49928646993750947,0.44600798433210004
statsbomb:player:27133,Odilon Kossonou,statsbomb:match:3895060,87.37336666666667,0.6766548527270849,0.6378316978009714
statsbomb:player:27133,Odilon Kossonou,statsbomb:match:3895067,98.1688,0.709392665839932,0.6698709180319837
statsbomb:player:27133,Odilon Kossonou,statsbomb:match:3895074,100.45738333333333,0.5975984411666906,0.5498481448972775
statsbomb:player:27133,Odilon Kossonou,statsbomb:match:3895086,97.38773333333333,0.4980451209498804,0.4052964909297122
statsbomb:player:27133,Odilon Kossonou,statsbomb:match:3895095,96.33081666666666,0.3121260522548235,0.23884977003124824
statsbomb:player:27133,Odilon Kossonou,statsbomb:match:3895107,97.13826666666667,0.8361131787460303,0.8092684210383567
statsbomb:player:27133,Odilon Kossonou,statsbomb:match:3895121,96.81746666666666,0.7186624785693952,0.669823212385704
statsbomb:player:27133,Odilon Kossonou,statsbomb:match:3895134,47.604416666666665,0.587087938747448,0.5338769282315801
statsbomb:player:27133,Odilon Kossonou,statsbomb:match:3895139,93.98913333333333,0.5238300621108972,0.4760615227004529
statsbomb:player:27133,Odilon Kossonou,statsbomb:match:3895153,94.12848333333335,0.6695815252291284,0.6215540193281376
statsbomb:player:27133,Odilon Kossonou,statsbomb:match:3895158,98.57655,0.41409455928065003,0.3313133013034293
statsbomb:player:27133,Odilon Kossonou,statsbomb:match:3895180,96.92811666666667,0.7652407747824901,0.7267274424816327
statsbomb:player:27133,Odilon Kossonou,statsbomb:match:3895250,96.85481666666668,0.4823131734336548,0.41717341603040325
statsbomb:player:27133,Odilon Kossonou,statsbomb:match:3895292,104.90231666666666,0.8122570603782736,0.7850399215777267
statsbomb:player:27133,Odilon Kossonou,statsbomb:match:3895302,93.905,0.7756606022104374,0.7421972572238559
statsbomb:player:27133,Odilon Kossonou,statsbomb:match:3895320,99.78531666666666,0.6890010174496219,0.644571673108078
statsbomb:player:27133,Odilon Kossonou,statsbomb:match:3895333,96.02663333333334,0.377796035904268,0.29768234570460655
statsbomb:player:27133,Odilon Kossonou,statsbomb:match:3895340,65.37013333333333,0.4106965171567558,0.36972296007263744
statsbomb:player:27133,Odilon Kossonou,statsbomb:match:3895348,96.43335,0.635115560897945,0.5081281017664292
statsbomb:player:7044,Patrik Schick,statsbomb:match:3895182,69.73376666666667,0.680688840396965,0.6052877136075492
statsbomb:player:7044,Patrik Schick,statsbomb:match:3895194,97.00015,0.9284340042617988,0.9119561566330666
statsbomb:player:7044,Patrik Schick,statsbomb:match:3895202,95.6119,0.9208397122439341,0.9036489594138163
statsbomb:player:7044,Patrik Schick,statsbomb:match:3895210,95.49,0.8532088492502891,0.8174586669372002
statsbomb:player:7044,Patrik Schick,statsbomb:match:3895250,38.39903333333334,0.5863548561806557,0.5550032009283264
statsbomb:player:7044,Patrik Schick,statsbomb:match:3895258,68.35471666666666,0.7770879608853835,0.7387939088323477
statsbomb:player:7044,Patrik Schick,statsbomb:match:3895266,76.68476666666666,0.65374160161561,0.5851415910935927
statsbomb:player:7044,Patrik Schick,statsbomb:match:3895275,76.73718333333333,0.7436906564151072,0.7006744828310335
statsbomb:player:7044,Patrik Schick,statsbomb:match:3895286,99.18626666666665,0.9584998555041367,0.9437212960222217
statsbomb:player:7044,Patrik Schick,statsbomb:match:3895320,75.16073333333334,0.855433592604518,0.8302589318983333
statsbomb:player:7044,Patrik Schick,statsbomb:match:3895333,61.71145,0.9494663944294638,0.9411857330846908
statsbomb:player:7044,Patrik Schick,statsbomb:match:3895340,70.82013333333335,0.8388840107494897,0.808140138848565
statsbomb:player:7044,Patrik Schick,statsbomb:match:3895348,31.101683333333334,0.8740375490041625,0.8611738268850202
statsbomb:player:38004,Piero Martín Hincapié Reyna,statsbomb:match:3895139,93.98913333333333,0.5477367125007849,0.4790333099548327
statsbomb:player:38004,Piero Martín Hincapié Reyna,statsbomb:match:3895153,94.12848333333335,0.6884609558511827,0.6390175401442726
statsbomb:player:38004,Piero Martín Hincapié Reyna,statsbomb:match:3895182,75.60043333333333,0.4273191369291972,0.37616600150385227
statsbomb:player:38004,Piero Martín Hincapié Reyna,statsbomb:match:3895194,97.00015,0.5320177272668584,0.48125696285686187
statsbomb:player:38004,Piero Martín Hincapié Reyna,statsbomb:match:3895202,98.48491666666665,0.7640919686617905,0.7190159704814565
statsbomb:player:38004,Piero Martín Hincapié Reyna,statsbomb:match:3895210,95.49,0.6781919418501373,0.6011356197728269
statsbomb:player:38004,Piero Martín Hincapié Reyna,statsbomb:match:3895220,96.19848333333333,0.7918471687277391,0.7521917056011732
statsbomb:player:38004,Piero Martín Hincapié Reyna,statsbomb:match:3895232,97.66981666666668,0.4697657263872423,0.33899176794900365
statsbomb:player:38004,Piero Martín Hincapié Reyna,statsbomb:match:3895244,97.69043333333335,0.8810546811208495,0.8553402713022435
statsbomb:player:38004,Piero Martín Hincapié Reyna,statsbomb:match:3895258,82.02138333333332,0.7381708668631141,0.6812512764265656
statsbomb:player:38004,Piero Martín Hincapié Reyna,statsbomb:match:3895266,59.634766666666664,0.1855202778779484,0.12073736699469532
statsbomb:player:38004,Piero Martín Hincapié Reyna,statsbomb:match:3895275,95.33855,0.7138122524512192,0.6601092231868482
statsbomb:player:38004,Piero Martín Hincapié Reyna,statsbomb:match:3895286,75.53631666666666,0.6854811114400552,0.6401333729455243
statsbomb:player:38004,Piero Martín Hincapié Reyna,statsbomb:match:3895292,104.90231666666666,0.8268382877557587,0.7954219417250555
statsbomb:player:38004,Piero Martín Hincapié Reyna,statsbomb:match:3895302,79.98653333333333,0.2920245536911957,0.1956473298324685
statsbomb:player:38004,Piero Martín Hincapié Reyna,statsbomb:match:3895309,86.46648333333333,0.7805528076969,0.7393234663618669
statsbomb:player:38004,Piero Martín Hincapié Reyna,statsbomb:match:3895320,52.74125,0.37696655145765934,0.3305221256206172
statsbomb:player:38004,Piero Martín Hincapié Reyna,statsbomb:match:3895333,34.34851666666667,0.3741239793662364,0.32221391318906556
statsbomb:player:9195,Robert Andrich,statsbomb:match:3895074,47.04801666666666,0.25062003014190126,0.1856820707691678
statsbomb:player:9195,Robert Andrich,statsbomb:match:3895153,94.12848333333335,0.3899348718738479,0.2563112440554569
statsbomb:player:9195,Robert Andrich,statsbomb:match:3895182,97.11626666666666,0.6599079136533461,0.587932812474849
statsbomb:player:9195,Robert Andrich,statsbomb:match:3895194,97.00015,0.6487054298747925,0.5795886994909456
statsbomb:player:9195,Robert Andrich,statsbomb:match:3895210,95.49,0.3169329945677995,-0.011292168054071811
statsbomb:player:9195,Robert Andrich,statsbomb:match:3895220,96.19848333333333,0.6361491871477021,0.5706509713465608
statsbomb:player:9195,Robert Andrich,statsbomb:match:3895232,97.66981666666668,0.38376265773382157,0.23110754754855917
statsbomb:player:9195,Robert Andrich,statsbomb:match:3895244,97.69043333333335,0.5507572233734079,0.4617200057761843
statsbomb:player:9195,Robert Andrich,statsbomb:match:3895250,96.85481666666668,0.4947027291375047,0.3651603797941499
statsbomb:player:9195,Robert Andrich,statsbomb:match:3895258,96.84403333333333,0.2062492533572205,0.13776960456475593
statsbomb:player:9195,Robert Andrich,statsbomb:match:3895286,99.18626666666665,0.33113633082895816,0.16056855786249993
statsbomb:player:9195,Robert Andrich,statsbomb:match:3895292,104.90231666666666,0.5652497479338237,0.4961441742794579
statsbomb:player:9195,Robert Andrich,statsbomb:match:3895302,93.905,0.4185315845018844,0.3215750332299151
statsbomb:player:9195,Robert Andrich,statsbomb:match:3895309,102.03961666666667,-0.04226940906995364,-0.15409305117023006
statsbomb:player:9195,Robert Andrich,statsbomb:match:3895320,99.78531666666666,0.6611351634528235,0.5879602424514924
statsbomb:player:9195,Robert Andrich,statsbomb:match:3895333,83.34478333333333,0.7081415815099986,0.6396827550350115
statsbomb:player:9195,Robert Andrich,statsbomb:match:3895340,96.27145,0.19086304270387783,0.015899494474901132
statsbomb:player:9195,Robert Andrich,statsbomb:match:3895348,96.43335,0.4009277843916305,0.29404000714703166
statsbomb:player:32289,Victor Okoh Boniface,statsbomb:match:3895052,91.55658333333334,0.5437227625198267,0.5080431001441572
statsbomb:player:32289,Victor Okoh Boniface,statsbomb:match:3895060,94.5067,0.9200588392144738,0.904299999723799
statsbomb:player:32289,Victor Okoh Boniface,statsbomb:match:3895067,98.1688,0.897738864625191,0.8775798317648704
statsbomb:player:32289,Victor Okoh Boniface,statsbomb:match:3895086,85.37228333333333,0.8420654444071237,0.7919936522697095
statsbomb:player:32289,Victor Okoh Boniface,statsbomb:match:3895095,80.18406666666667,0.7991338199678416,0.7772004511959308
statsbomb:player:32289,Victor Okoh Boniface,statsbomb:match:3895107,83.81361666666666,0.8902072161586333,0.8695024194052685
statsbomb:player:32289,Victor Okoh Boniface,statsbomb:match:3895113,96.30498333333334,0.7361518398710785,0.6975032996914404
statsbomb:player:32289,Victor Okoh Boniface,statsbomb:match:3895121,91.14146666666666,0.48045430438725295,0.4310921123523966
statsbomb:player:32289,Victor Okoh Boniface,statsbomb:match:3895139,87.98378333333334,0.7653221274263458,0.7404607502867656
statsbomb:player:32289,Victor Okoh Boniface,statsbomb:match:3895153,72.08211666666666,0.8490629328968518,0.8351192920612904
statsbomb:player:32289,Victor Okoh Boniface,statsbomb:match:3895158,98.57655,0.9043317493999073,0.8885027622687436
statsbomb:player:32289,Victor Okoh Boniface,statsbomb:match:3895167,76.70656666666667,0.7994482074967412,0.7812978959845477
statsbomb:player:32289,Victor Okoh Boniface,statsbomb:match:3895180,72.36331666666666,0.6066700354772774,0.5683853005560675
statsbomb:player:32289,Victor Okoh Boniface,statsbomb:match:3895292,31.063316666666665,0.22819213323076754,0.199887839862673
statsbomb:player:32289,Victor Okoh Boniface,statsbomb:match:3895302,65.4532,0.8774937824687254,0.8586249479663035
statsbomb:player:32289,Victor Okoh Boniface,statsbomb:match:3895333,34.31518333333334,0.8841773311769224,0.8725587381579434
statsbomb:player:32289,Victor Okoh Boniface,statsbomb:match:3895340,70.62013333333334,0.9354783425143967,0.923734021799534
statsbomb:player:32289,Victor Okoh Boniface,statsbomb:match:3895348,65.33166666666666,0.9253242282985678,0.9153769703754597
