match_id,event_id,x,y,outcome,xg
statsbomb:match:3895052,5df16513-d372-4a46-9661-09c10341a40b,92.16666666666666,43.75,SAVED,0.30528295
statsbomb:match:3895052,f8cd5da5-6a20-41ad-8794-4397b76a11cf,87.33333333333333,56.75,GOAL,0.14435048
statsbomb:match:3895060,8fd7eb39-3e99-4ca3-a26c-53cf0a9dc310,86.58333333333333,31.5,SAVED,0.03490053
statsbomb:match:3895067,c9e956a8-01d9-457c-b769-8edb6a175cf2,84.0,52.37499999999999,BLOCKED,0.0518035
statsbomb:match:3895067,3ad75026-2a0f-4f17-9a68-1b9a086fad6a,86.0,32.99999999999999,SAVED,0.03877827
statsbomb:match:3895074,81abdd8f-aa8d-4866-958a-0bb09e4c9cfe,93.91666666666667,41.0,POST,0.36008543
statsbomb:match:3895086,db3c376e-5207-4397-9d26-ed33a83fa345,81.91666666666666,61.0,BLOCKED,0.073264666
statsbomb:match:3895086,4d169b29-d271-42b3-bf7f-70dca093dbbe,87.25,47.0,BLOCKED,0.16586962
statsbomb:match:3895086,f7a1cf4b-6c87-4bbe-9762-25dc35645490,79.75,46.375,SAVED,0.034799267
statsbomb:match:3895107,191352f4-b6b1-4676-bb29-03561c51730b,80.41666666666667,59.375,SAVED,0.043692373
statsbomb:match:3895107,4b042657-3c64-4516-bb8d-f1c322719eeb,77.91666666666667,63.125,SAVED,0.021526279
statsbomb:match:3895107,30bc9a92-63a7-4dea-86b1-5fd2cd200584,85.75,50.37499999999999,OFF_T,0.03361518
statsbomb:match:3895107,ea3e0515-ea35-4660-87cd-e1650a061d1c,80.5,50.875,SAVED,0.051511027
statsbomb:match:3895107,365ce792-877a-4513-abd2-98766c899e8f,81.0,60.25,OFF_T,0.054658294
statsbomb:match:3895113,9cce3988-35c0-45ef-ba65-2ff852e2f474,84.33333333333334,44.74999999999999,OFF_T,0.050510947
statsbomb:match:3895113,7234011a-02b8-43c5-b25a-4c3d7e0d6d44,87.58333333333333,35.25,OFF_T,0.0522467
statsbomb:match:3895121,12b0d458-1b39-41dd-aaac-a5c99f79e931,93.41666666666666,64.625,GOAL,0.07542497
statsbomb:match:3895121,b618df8a-6b06-457d-af36-28fae7ca9c46,86.08333333333333,36.5,SAVED,0.09521932
statsbomb:match:3895121,6b82361c-488c-47fe-b46f-d7dfccf5bbd0,80.41666666666667,45.0,SAVED_TO_POST,0.048938446
statsbomb:match:3895134,bc5cf701-66a0-4bbf-a349-b178a8999ebb,94.08333333333334,43.49999999999999,GOAL,0.4335934
statsbomb:match:3895139,0002e561-40cf-401a-a298-61f1cce6a57c,86.58333333333333,46.75,SAVED,0.15075712
statsbomb:match:3895139,14f03914-07c6-4c95-b877-970da010ce39,81.08333333333333,38.625,SAVED,0.028427424
statsbomb:match:3895139,fbf1482f-e9d6-48ee-928d-9c0f1465c514,92.75,50.5,OFF_T,0.34232774
statsbomb:match:3895158,a8067e13-b1ae-42cf-88a7-ad5f781aaaf3,83.58333333333333,67.25,SAVED,0.029681489
statsbomb:match:3895158,6a8e26a0-c5c2-4c5c-912c-2d314f9b5a39,85.75,62.75000000000001,OFF_T,0.041199785
statsbomb:match:3895167,4f1dea41-77d1-4445-9586-218cbe3a5868,90.16666666666667,38.125,BLOCKED,0.12123736
statsbomb:match:3895167,0dc1e36d-6ea9-4030-aea5-71aaef3d7162,94.08333333333334,55.49999999999999,GOAL,0.44466448
statsbomb:match:3895180,3ae695a8-991a-4f2f-83aa-ea0763b2515b,90.0,42.37499999999999,OFF_T,0.081502266
statsbomb:match:3895180,fcfab8e6-651c-406f-a51d-d87d1d1804d0,87.0,37.75,GOAL,0.3293735
statsbomb:match:3895180,89cdac4a-f79e-42de-ad9a-fbc70397b8a6,83.0,41.875,BLOCKED,0.046395227
statsbomb:match:3895180,b353ca35-a05f-4a3e-bc76-abeaba9476f1,85.83333333333333,34.75,POST,0.08699181
statsbomb:match:3895182,27037aa8-470a-4626-8f97-026d8c84b185,90.41666666666667,39.0,BLOCKED,0.10643516
statsbomb:match:3895194,9dd32137-bc45-4746-be89-cde55a2ba02a,94.41666666666666,36.375,POST,0.112848714
statsbomb:match:3895194,6da40aea-5006-4902-ac28-d3aa2b9addfe,79.66666666666666,61.875,BLOCKED,0.030040901
statsbomb:match:3895202,acbfb3a8-6469-4ab0-b391-c1308e661799,83.58333333333333,35.125,BLOCKED,0.047096375
statsbomb:match:3895202,6399ab69-693b-4133-9db8-5fa356ff7ff2,91.83333333333333,38.375,SAVED,0.068974085
statsbomb:match:3895202,d24074ce-8755-464b-a571-1410e818c108,84.0,40.0,OFF_T,0.053576183
statsbomb:match:3895210,a0f8cecf-9282-4671-b2d7-caa400ebbc95,79.08333333333334,64.625,OFF_T,0.024915434
statsbomb:match:3895210,87919f54-9bbd-4166-8b87-69671048ff7c,91.58333333333334,51.87500000000001,SAVED,0.44135413
statsbomb:match:3895210,52a6660d-96ce-42bf-97bc-b6eb01ccd5e4,79.41666666666667,66.125,BLOCKED,0.023665518
statsbomb:match:3895210,53ce4532-f4e8-4405-ba9d-97cc86cfbe10,88.66666666666667,29.25,SAVED,0.034224097
statsbomb:match:3895220,ad5e6c9f-e35e-4405-8ef1-9b749cf1d9a1,83.50000000000001,56.875,SAVED,0.1190427
statsbomb:match:3895220,c71f1d13-c57b-4c85-971b-e66b3fa7839d,83.41666666666666,60.62499999999999,POST,0.065652676
statsbomb:match:3895232,4243308a-98d5-4606-878c-b24f7e3d6436,86.0,58.875,BLOCKED,0.07725087
statsbomb:match:3895244,e117102c-d4c1-4610-ab08-c7877441d742,83.75,50.625,SAVED,0.09992166
statsbomb:match:3895244,56a9f9f7-e9be-476d-bbff-f585f20f6a71,93.16666666666666,65.25000000000001,POST,0.14015244
statsbomb:match:3895250,b5e4dcaf-2007-4435-9c52-8d97f8ad39e4,91.91666666666667,40.75,OFF_T,0.045675185
statsbomb:match:3895250,d0be8f04-8249-45de-95ab-bd5eded22cd7,88.25,30.125,BLOCKED,0.035352517
statsbomb:match:3895250,14341980-96ef-414d-ab4e-7e3165c8ec75,83.75,35.0,OFF_T,0.051675532
statsbomb:match:3895258,54b69050-a308-4011-8cb5-e0f5d1ef5413,96.08333333333333,32.75,SAVED,0.025314098
statsbomb:match:3895258,3aa1c41c-d7d7-4fa5-9071-3492d7801027,94.16666666666667,30.874999999999996,SAVED,0.018504012
statsbomb:match:3895258,c6eb6107-09bc-47fd-9f30-da9955b7d608,79.66666666666666,34.5,SAVED,0.02803977
statsbomb:match:3895258,b5b6cc88-4ee2-44ad-bb7e-a2ea8e358883,89.58333333333334,63.5,BLOCKED,0.048773732
statsbomb:match:3895266,2b5389b6-bead-485d-b352-68a649932b7f,95.58333333333333,38.75,SAVED_TO_POST,0.14104629
statsbomb:match:3895266,4f33d4ba-8fee-4ba0-ac0b-2c7fb688004f,74.41666666666666,37.5,BLOCKED,0.02511887
statsbomb:match:3895266,8d63447c-9e8d-47a4-a40b-744d0d5d3750,92.08333333333333,43.75,GOAL,0.17132688
statsbomb:match:3895275,0b7cd6e5-2ab6-46d0-b7d3-4e5b4a43513b,86.66666666666667,36.625,GOAL,0.085923634
statsbomb:match:3895275,8504fc44-1916-4c83-8c82-0588d155fa48,95.0,48.875,POST,0.43475327
statsbomb:match:3895286,7880f03f-39e3-42d7-8e08-93b528d444f4,81.66666666666667,37.875,OFF_T,0.038797267
statsbomb:match:3895286,ead90328-cf19-4c93-862e-477bba4ecfeb,93.58333333333333,65.99999999999999,SAVED,0.036589272
statsbomb:match:3895286,eabde875-fb9a-4f5e-8c5e-887f3a596247,88.91666666666667,31.75,BLOCKED,0.053672522
statsbomb:match:3895292,0b766590-dff1-4670-baae-b960fab33f6d,84.58333333333333,55.75,BLOCKED,0.058214318
statsbomb:match:3895292,f5dea30a-5df6-4639-94dd-8319d9c8b256,90.0,50.0,GOAL,0.7835
statsbomb:match:3895302,df7d8278-f139-4102-9e6e-3c77d3d575c3,78.16666666666666,43.49999999999999,OFF_T,0.02420186
statsbomb:match:3895302,7b3398ab-6dae-42ec-8b11-0cd333d6b085,88.58333333333334,37.0,BLOCKED,0.07621976
statsbomb:match:3895302,5085715b-09f6-403c-8b67-a546bcfed0ec,77.91666666666667,50.125,GOAL,0.042012483
statsbomb:match:3895302,4a223f2d-3c3f-4655-b561-9c43a03b0f42,86.33333333333333,43.75,GOAL,0.43832713
statsbomb:match:3895302,dcc0c591-7ebd-4e42-8206-04bfefa94f33,88.66666666666667,61.0,GOAL,0.28999847
statsbomb:match:3895348,24975a3f-1c57-4475-9149-57d99cd2be53,86.75,60.75000000000001,BLOCKED,0.061963774
statsbomb:match:3895348,a5c5a158-167f-4541-a86f-ec5374736ec8,77.91666666666667,37.5,OFF_T,0.030079998
statsbomb:match:3895348,4cb3184a-f70b-4c7c-aad7-e105370c2c3c,89.91666666666667,53.75,SAVED,0.107969604
