match_id,match_date,opponent,home_away,starting_position,minutes,events_analysed,touches_proxy,located_touches_proxy,receptions,located_receptions,avg_touch_x,avg_touch_y,avg_reception_x,avg_reception_y,left_wing_share,left_halfspace_share,centre_share,right_halfspace_share,right_wing_share,left_share,central_share,right_share,halfspace_share,final_third_involvement,final_third_share,passes,carries,shots,pressures,tackles,interceptions,recoveries,passes_completed,pass_completion,forward_passes,passes_unknown_endpoints,progressive_passes,passes_final_third_entry,passes_penalty_area_entry,carries_unknown_endpoints,progressive_carries,carries_final_third_entry,carries_penalty_area_entry,final_third_entries,penalty_area_entries,defensive_actions,touches_proxy_p90,receptions_p90,passes_p90,carries_p90,shots_p90,progressive_passes_p90,progressive_carries_p90,defensive_actions_p90,nearest_defender_distance,shot_assists,xg
statsbomb:match:3895052,2023-08-19,RB Leipzig,home,Left Wing,77.60658333333335,125,96,96,39,39,63.580729166666664,38.490885416666664,63.30128205128205,39.39102564102564,0.3541666666666667,0.19791666666666666,0.1875,0.14583333333333334,0.11458333333333333,0.5520833333333334,0.1875,0.2604166666666667,0.34375,48,0.5,30,23,2,13,0,0,0,24,0.8,18,0,0,1,1,0,4,1,2,2,3,13,111.33076124340823,45.228121755134595,34.79086288856507,26.672994881233222,2.3193908592376715,0.0,4.638781718475343,15.076040585044865,,0,0.44963343
statsbomb:match:3895060,2023-08-26,Borussia Mönchengladbach,away,Left Wing,99.82418333333334,285,239,239,77,77,63.60146443514645,34.19665271966527,63.01839826839827,34.62337662337662,0.3305439330543933,0.3138075313807531,0.16317991631799164,0.14225941422594143,0.0502092050209205,0.6443514644351465,0.16317991631799164,0.19246861924686193,0.4560669456066946,113,0.47280334728033474,75,83,1,12,1,0,6,60,0.8,43,0,11,4,8,0,8,8,2,12,10,19,215.47884772744612,69.42205554398892,67.61888527011908,74.83156636559845,0.901585136934921,9.917436506284131,7.212681095479368,17.1301176017635,,8,0.03490053
statsbomb:match:3895067,2023-09-02,Darmstadt 98,home,Left Wing,83.51086666666667,250,218,218,74,74,67.60015290519878,34.25630733944954,66.6204954954955,33.52533783783784,0.2706422018348624,0.3761467889908257,0.23394495412844038,0.0963302752293578,0.022935779816513763,0.6467889908256881,0.23394495412844038,0.11926605504587157,0.4724770642201835,132,0.6055045871559633,64,72,2,11,0,0,1,52,0.8125,32,0,8,3,3,0,6,6,1,9,4,12,234.93948492132358,79.75010038613736,68.9730597934161,77.59469226759312,2.155408118544253,8.621632474177012,6.466224355632759,12.932448711265518,,2,0.09058177
statsbomb:match:3895074,2023-09-15,Bayern Munich,away,Left Wing,,278,206,206,64,64,55.0299352750809,46.289441747572816,55.31640625,44.39453125,0.25728155339805825,0.1796116504854369,0.1650485436893204,0.2524271844660194,0.14563106796116504,0.4368932038834951,0.1650485436893204,0.39805825242718446,0.4320388349514563,60,0.2912621359223301,65,71,1,32,1,0,11,54,0.8307692307692308,40,0,9,5,5,0,8,5,0,10,5,44,,,,,,,,,,3,0.36008543
statsbomb:match:3895086,2023-09-24,FC Heidenheim,home,Left Attacking Midfield,71.62228333333333,208,161,161,54,54,66.09213250517598,34.93944099378882,65.85339506172839,37.550925925925924,0.38509316770186336,0.2732919254658385,0.14906832298136646,0.09937888198757763,0.09316770186335403,0.6583850931677019,0.14906832298136646,0.19254658385093168,0.37267080745341613,87,0.5403726708074534,56,46,3,17,2,0,7,50,0.8928571428571429,26,0,7,6,2,0,4,3,1,9,3,26,202.3113383939868,67.85597685264153,70.36916118051715,57.803239541139085,3.7697764918134187,8.796145147564644,5.026368655751225,32.67139626238296,,3,0.273933553
statsbomb:match:3895095,2023-09-30,FSV Mainz 05,away,Right Attacking Midfield,64.90073333333333,135,78,78,25,25,60.55982905982906,52.90384615384615,61.15,51.04,0.11538461538461539,0.21794871794871795,0.2692307692307692,0.20512820512820512,0.19230769230769232,0.3333333333333333,0.2692307692307692,0.3974358974358974,0.4230769230769231,33,0.4230769230769231,26,25,0,31,0,0,4,21,0.8076923076923077,13,0,1,2,0,0,2,3,1,5,1,35,108.16518765581488,34.668329376863745,36.05506255193829,34.668329376863745,0.0,1.3867331750745497,2.7734663501490995,48.53566112760924,,0,0
statsbomb:match:3895107,2023-10-08,FC Köln,home,Left Attacking Midfield,74.86361666666667,219,165,165,54,54,65.63030303030303,30.897727272727273,64.05401234567901,29.52314814814815,0.4303030303030303,0.2727272727272727,0.14545454545454545,0.10303030303030303,0.048484848484848485,0.703030303030303,0.14545454545454545,0.15151515151515152,0.37575757575757573,80,0.48484848484848486,50,54,5,25,2,0,7,42,0.84,19,0,3,1,1,0,4,5,0,6,1,34,198.3607079273265,64.91804986712503,60.10930543252318,64.91804986712503,6.010930543252318,3.606558325951391,4.808744434601855,40.87432769411576,,1,0.205003153
statsbomb:match:3895113,2023-10-21,Wolfsburg,away,,34.73116666666667,130,102,102,31,31,61.182189542483655,55.22549019607843,59.23655913978495,55.13306451612903,0.10784313725490197,0.22549019607843138,0.23529411764705882,0.21568627450980393,0.21568627450980393,0.3333333333333333,0.23529411764705882,0.43137254901960786,0.4411764705882353,39,0.38235294117647056,30,36,2,13,0,0,1,25,0.8333333333333334,21,0,4,4,2,0,2,4,0,8,2,14,264.31591222101184,80.33130665540557,77.73997418265056,93.28796901918066,5.182664945510036,10.365329891020073,5.182664945510036,36.27865461857026,,0,0.10275764700000001
statsbomb:match:3895121,2023-10-29,Freiburg,home,Left Attacking Midfield,91.14146666666666,212,168,168,54,54,66.88392857142857,37.09970238095238,66.1574074074074,37.138888888888886,0.27976190476190477,0.36904761904761907,0.16666666666666666,0.125,0.05952380952380952,0.6488095238095238,0.16666666666666666,0.18452380952380953,0.49404761904761907,83,0.49404761904761907,53,52,3,13,1,1,6,48,0.9056603773584906,20,0,3,2,3,0,10,8,3,10,6,21,165.89594783786671,53.3236975193143,52.336221639327,51.3487457593397,2.9624276399619056,2.9624276399619056,9.87475879987302,20.73699347973334,,2,0.219582736
statsbomb:match:3895134,2023-11-04,Hoffenheim,away,Left Attacking Midfield,92.90441666666666,229,162,162,56,56,62.75668724279836,38.11651234567901,63.325892857142854,37.65625,0.36419753086419754,0.19753086419753085,0.16049382716049382,0.1728395061728395,0.10493827160493827,0.5617283950617284,0.16049382716049382,0.2777777777777778,0.37037037037037035,73,0.4506172839506173,52,49,1,36,0,0,4,45,0.8653846153846154,23,0,5,3,2,0,4,4,1,7,3,40,156.93548835586395,54.24930461684186,50.37435428706745,47.46814153973663,0.9687375824436048,4.843687912218024,3.874950329774419,38.74950329774419,,1,0.4335934
statsbomb:match:3895139,2023-11-12,Union Berlin,home,Left Attacking Midfield,87.96711666666667,272,220,220,69,69,63.69924242424243,37.06931818181818,62.711352657004824,35.231884057971016,0.2818181818181818,0.35,0.13636363636363635,0.17272727272727273,0.05909090909090909,0.6318181818181818,0.13636363636363635,0.2318181818181818,0.5227272727272727,78,0.35454545454545455,68,75,3,18,0,2,8,57,0.8382352941176471,35,0,6,9,3,0,7,7,1,16,4,28,225.08410813358856,70.59456118735277,69.57145160492738,76.73321868190519,3.0693287472762076,6.138657494552415,7.161767076977817,28.64706830791127,,4,0.5215122839999999
statsbomb:match:3895153,2023-11-25,Werder Bremen,away,Left Attacking Midfield,81.18211666666666,217,158,158,52,52,57.26371308016877,44.399525316455694,55.85576923076923,43.625,0.17088607594936708,0.36075949367088606,0.17088607594936708,0.17721518987341772,0.12025316455696203,0.5316455696202531,0.17088607594936708,0.2974683544303797,0.5379746835443038,54,0.34177215189873417,51,49,0,30,1,0,3,47,0.9215686274509803,25,0,7,3,4,0,8,6,2,9,6,34,175.16172999513236,57.64816430219546,56.53954575792247,54.32230866937649,0.0,7.760329809910927,8.868948354183917,37.69303050528165,,0,0
statsbomb:match:3895158,2023-12-03,Borussia Dortmund,home,Left Attacking Midfield,98.57655,346,273,273,84,84,70.01953601953602,42.035714285714285,69.31349206349206,40.14434523809524,0.315018315018315,0.2490842490842491,0.1282051282051282,0.13553113553113552,0.17216117216117216,0.5641025641025641,0.1282051282051282,0.3076923076923077,0.38461538461538464,185,0.6776556776556777,100,82,2,27,1,2,11,82,0.82,46,0,12,1,4,0,6,2,2,3,6,41,249.24791951026893,76.69166754162121,91.29960421621573,74.86567545729689,1.8259920843243145,10.955952505945888,5.477976252972944,37.432837728648444,,3,0.070881274
statsbomb:match:3895167,2023-12-10,VfB Stuttgart,away,Right Wing,99.17123333333332,288,230,230,68,68,57.35108695652174,59.92771739130435,56.877450980392155,60.04595588235294,0.12173913043478261,0.1782608695652174,0.11739130434782609,0.24782608695652175,0.3347826086956522,0.3,0.11739130434782609,0.5826086956521739,0.4260869565217391,62,0.26956521739130435,79,75,2,27,5,1,8,67,0.8481012658227848,37,0,11,5,1,0,14,7,1,12,2,41,208.72988369947336,61.71144387636604,71.69417744460172,68.06409251069783,1.8150424669519423,9.982733568235682,12.705297268663596,37.208370572514816,,1,0.56590184
statsbomb:match:3895180,2023-12-17,Eintracht Frankfurt,home,Left Attacking Midfield,87.96331666666667,250,184,184,60,60,56.83469202898551,39.474184782608695,53.520833333333336,40.59375,0.21739130434782608,0.3858695652173913,0.20108695652173914,0.09239130434782608,0.10326086956521739,0.6032608695652174,0.20108695652173914,0.1956521739130435,0.4782608695652174,60,0.32608695652173914,61,54,4,30,0,2,10,49,0.8032786885245902,28,0,10,4,2,0,11,4,4,8,6,42,188.26029562702178,61.38922683489841,62.412380615480046,55.25030415140857,4.092615122326561,10.231537805816401,11.254691586398042,42.97245878442889,,1,0.544262803
statsbomb:match:3895182,2023-12-20,Bochum,home,Left Attacking Midfield,89.70043333333334,260,193,193,66,66,58.630829015544045,56.67227979274612,57.878787878787875,56.86931818181818,0.16580310880829016,0.15025906735751296,0.17098445595854922,0.2538860103626943,0.25906735751295334,0.3160621761658031,0.17098445595854922,0.5129533678756477,0.40414507772020725,61,0.3160621761658031,69,56,1,21,1,0,4,57,0.8260869565217391,35,0,9,5,2,0,3,2,1,7,3,26,193.64454946891746,66.22041588056244,69.23043478422437,56.187019535022685,1.0033396345539765,9.030056710985788,3.0100189036619294,26.086830498403387,,1,0.10643516
statsbomb:match:3895194,2024-01-13,Augsburg,away,,34.69096666666667,134,117,117,38,38,71.60968660968662,47.07051282051282,69.86622807017544,45.30263157894737,0.3162393162393162,0.21367521367521367,0.017094017094017096,0.2564102564102564,0.19658119658119658,0.5299145299145299,0.017094017094017096,0.452991452991453,0.4700854700854701,84,0.717948717948718,37,37,2,7,1,0,4,31,0.8378378378378378,15,0,2,1,2,0,0,3,1,4,3,12,303.5372320748245,98.58474204139598,95.99040672451714,95.99040672451714,5.188670633757683,5.188670633757683,0.0,31.132023802546097,,0,0.142889615
statsbomb:match:3895202,2024-01-20,RB Leipzig,away,Left Attacking Midfield,98.48491666666665,256,184,184,61,61,67.90715579710145,42.58967391304348,68.78005464480874,43.467213114754095,0.29347826086956524,0.2717391304347826,0.125,0.14130434782608695,0.16847826086956522,0.5652173913043478,0.125,0.30978260869565216,0.41304347826086957,99,0.5380434782608695,55,60,3,27,2,0,4,48,0.8727272727272727,23,0,2,4,2,0,6,3,3,7,5,33,168.1475758978321,55.74457679221608,50.261503665112855,54.83073127103221,2.7415365635516102,1.8276910423677402,5.4830731271032205,30.156902199067712,,2,0.169646643
statsbomb:match:3895210,2024-01-27,Borussia Mönchengladbach,home,Left Wing,95.49,313,254,254,82,82,73.17913385826772,39.1628937007874,72.9989837398374,39.73170731707317,0.2952755905511811,0.33070866141732286,0.05511811023622047,0.23228346456692914,0.08661417322834646,0.6259842519685039,0.05511811023622047,0.3188976377952756,0.562992125984252,189,0.7440944881889764,84,83,4,26,1,0,5,76,0.9047619047619048,39,0,8,5,7,0,4,5,1,10,8,32,239.3967954759661,77.28557964184732,79.17059377945336,78.22808671065033,3.770028275212064,7.540056550424128,3.770028275212064,30.160226201696513,,6,0.524159179
statsbomb:match:3895220,2024-02-03,Darmstadt 98,away,Left Attacking Midfield,77.99973333333334,237,194,194,64,64,63.9110824742268,36.871134020618555,61.212239583333336,37.720703125,0.3711340206185567,0.24742268041237114,0.14948453608247422,0.10824742268041238,0.12371134020618557,0.6185567010309279,0.14948453608247422,0.23195876288659795,0.3556701030927835,82,0.422680412371134,65,56,2,16,0,3,3,57,0.8769230769230769,20,0,4,2,2,0,6,3,1,5,3,22,223.84691913476627,73.8464063125002,75.00025641113302,64.61560552343768,2.3077001972656315,4.615400394531263,6.923100591796895,25.384702169921948,,1,0.184695376
statsbomb:match:3895232,2024-02-10,Bayern Munich,home,Center Forward,91.36318333333334,237,158,158,51,51,59.425632911392405,42.160601265822784,58.970588235294116,39.27450980392157,0.2911392405063291,0.31645569620253167,0.0949367088607595,0.13291139240506328,0.16455696202531644,0.6075949367088608,0.0949367088607595,0.2974683544303797,0.44936708860759494,61,0.3860759493670886,55,49,1,40,3,0,6,46,0.8363636363636363,29,0,3,3,1,0,4,2,1,5,2,49,155.64256280474757,50.2390550825451,54.179373128234914,48.2688960597002,0.985079511422453,2.955238534267359,3.940318045689812,48.2688960597002,,0,0.07725087
statsbomb:match:3895244,2024-02-17,FC Heidenheim,away,Center Attacking Midfield,89.70753333333333,279,211,211,69,69,59.18088467614534,44.14514218009479,57.885265700483096,46.07789855072464,0.23222748815165878,0.20853080568720378,0.22748815165876776,0.26540284360189575,0.06635071090047394,0.44075829383886256,0.22748815165876776,0.33175355450236965,0.47393364928909953,83,0.3933649289099526,66,66,2,26,1,0,7,52,0.7878787878787878,35,0,14,5,3,0,11,8,2,13,5,34,211.68790729578268,69.22495546639338,66.2151747939415,66.2151747939415,2.0065204483012575,14.045643138108803,11.035862465656917,34.11084762112138,,3,0.24007409999999998
statsbomb:match:3895250,2024-02-23,FSV Mainz 05,home,Left Attacking Midfield,91.87245,259,211,211,69,69,68.5714849921011,39.33767772511848,66.8913043478261,40.08152173913044,0.33175355450236965,0.25118483412322273,0.15639810426540285,0.08530805687203792,0.17535545023696683,0.5829383886255924,0.15639810426540285,0.26066350710900477,0.33649289099526064,122,0.5781990521327014,71,62,3,13,1,1,5,57,0.8028169014084507,37,0,7,4,1,0,1,4,3,8,4,20,206.6996145199132,67.5937128050901,69.55295085741155,60.736379621965014,2.938857078482178,6.857333183125083,0.979619026160726,19.592380523214523,,2,0.132703234
statsbomb:match:3895258,2024-03-03,FC Köln,away,Left Attacking Midfield,96.84403333333333,244,204,204,64,64,74.8390522875817,44.129901960784316,74.37109375,43.51953125,0.3333333333333333,0.19607843137254902,0.07352941176470588,0.23529411764705882,0.16176470588235295,0.5294117647058824,0.07352941176470588,0.39705882352941174,0.43137254901960786,155,0.7598039215686274,68,66,4,19,2,1,2,52,0.7647058823529411,32,0,11,4,4,0,3,3,3,7,7,24,189.58318203048822,59.47707671544728,63.19439401016274,61.33573536280501,3.717317294715455,10.222622560467501,2.7879879710365914,22.30390376829273,,1,0.120631612
statsbomb:match:3895266,2024-03-10,Wolfsburg,home,Left Attacking Midfield,90.38476666666665,353,303,303,104,104,73.8468096809681,50.884075907590756,72.7636217948718,50.43509615384615,0.22112211221122113,0.20462046204620463,0.11551155115511551,0.2145214521452145,0.24422442244224424,0.42574257425742573,0.11551155115511551,0.45874587458745875,0.41914191419141916,225,0.7425742574257426,97,92,3,19,1,0,4,86,0.8865979381443299,35,0,4,4,2,0,2,3,1,7,3,24,301.71013330786207,103.5572734786061,96.58707237908455,91.60835730799772,2.9872290426520993,3.9829720568694658,1.9914860284347329,23.897832341216795,,2,0.33749204
statsbomb:match:3895275,2024-03-17,Freiburg,away,Left Attacking Midfield,95.33855,304,244,244,80,80,64.04234972677595,36.46055327868852,62.69375,37.4140625,0.2581967213114754,0.38524590163934425,0.18442622950819673,0.11885245901639344,0.05327868852459016,0.6434426229508197,0.18442622950819673,0.1721311475409836,0.5040983606557377,101,0.4139344262295082,82,77,2,22,4,1,7,67,0.8170731707317073,36,0,8,4,2,0,3,4,2,8,4,34,230.33704624205004,75.52034303018034,77.40835160593485,72.68833016654858,1.8880085757545086,7.552034303018035,2.8320128636317627,32.09614578782664,,2,0.520676904
statsbomb:match:3895286,2024-03-30,Hoffenheim,home,Left Attacking Midfield,99.18626666666665,321,267,267,90,90,76.9659800249688,38.059925093632955,75.98055555555555,37.5,0.41947565543071164,0.21348314606741572,0.0749063670411985,0.149812734082397,0.14232209737827714,0.6329588014981273,0.0749063670411985,0.29213483146067415,0.36329588014981273,215,0.8052434456928839,91,79,3,18,2,0,8,74,0.8131868131868132,38,0,7,2,6,0,5,3,8,5,14,28,242.2714434928492,81.66453151444354,82.57191519793736,71.68331099601156,2.7221510504814512,6.35168578445672,4.536918417469086,25.40674313782688,,6,0.129059061
statsbomb:match:3895292,2024-04-06,Union Berlin,away,Right Attacking Midfield,104.90231666666666,248,198,198,67,67,63.313131313131315,57.60669191919192,63.20522388059702,55.69962686567164,0.13131313131313133,0.21212121212121213,0.1414141414141414,0.22727272727272727,0.2878787878787879,0.3434343434343434,0.1414141414141414,0.5151515151515151,0.4393939393939394,106,0.5353535353535354,66,59,2,19,1,0,6,56,0.8484848484848485,40,0,13,4,5,0,7,6,1,10,6,26,169.87232090044407,57.48204798146339,56.624106966814686,50.618519864273736,1.7158820292974146,11.153233190433195,6.005587102540951,22.30646638086639,,3,0.841714318
statsbomb:match:3895302,2024-04-14,Werder Bremen,home,,44.86846666666667,138,99,99,32,32,58.437710437710436,34.696969696969695,56.080729166666664,34.4375,0.24242424242424243,0.3939393939393939,0.16161616161616163,0.20202020202020202,0.0,0.6363636363636364,0.16161616161616163,0.20202020202020202,0.5959595959595959,39,0.3939393939393939,27,32,5,20,0,2,4,25,0.9259259259259259,13,0,2,1,1,0,5,1,2,2,3,26,198.58044328087877,64.18761803018303,54.158302712966936,64.18761803018303,10.0293153172161,4.0117261268864395,10.0293153172161,52.152439649523714,,1,0.870759703
statsbomb:match:3895309,2024-04-21,Borussia Dortmund,away,,29.389800000000015,57,44,44,13,13,64.47537878787878,38.45454545454545,60.68589743589743,31.53846153846154,0.36363636363636365,0.25,0.11363636363636363,0.13636363636363635,0.13636363636363635,0.6136363636363636,0.11363636363636363,0.2727272727272727,0.38636363636363635,19,0.4318181818181818,16,14,0,6,0,0,2,9,0.5625,6,0,2,1,1,0,2,0,2,1,3,8,134.74062429822584,39.809729906294,48.996590653900306,42.87201682216277,0.0,6.124573831737538,6.124573831737538,24.498295326950153,,0,0
statsbomb:match:3895320,2024-04-27,VfB Stuttgart,home,,24.69124999999999,71,53,53,19,19,69.75943396226415,62.931603773584904,68.5701754385965,64.53289473684211,0.07547169811320754,0.22641509433962265,0.1509433962264151,0.18867924528301888,0.3584905660377358,0.3018867924528302,0.1509433962264151,0.5471698113207547,0.41509433962264153,31,0.5849056603773585,18,16,0,8,0,0,0,14,0.7777777777777778,11,0,2,3,2,0,1,0,0,3,2,8,193.1858451880728,69.25530299195061,65.61028704500585,58.320255151116314,0.0,7.290031893889539,3.6450159469447696,29.160127575558157,,0,0
statsbomb:match:3895348,2024-05-18,Augsburg,home,,31.151683333333335,79,61,61,20,20,70.275956284153,40.497950819672134,69.325,38.38125,0.21311475409836064,0.3442622950819672,0.22950819672131148,0.14754098360655737,0.06557377049180328,0.5573770491803278,0.22950819672131148,0.21311475409836064,0.4918032786885246,44,0.7213114754098361,14,22,3,9,1,0,3,13,0.9285714285714286,9,0,3,0,0,0,3,1,0,1,0,13,176.2344570999641,57.78178921310298,40.44725244917209,63.55996813441328,8.667268381965448,8.667268381965448,8.667268381965448,37.55816298851694,,2,0.200013376
